model_family,optimizer,learning_rate,run_id,stage,step,hidden_tensors,hidden_parameters,weight_frobenius_norm,reference_displacement_frobenius_norm,previous_checkpoint_displacement_frobenius_norm,reference_displacement_to_weight_ratio,weight_row_cv_parameter_weighted,reference_delta_row_cv_parameter_weighted,weight_top_1pct_row_energy_parameter_weighted,reference_delta_top_1pct_row_energy_parameter_weighted
dense,adamw,1e-06,adamw-lr1e-6,1,782,88,110297088,1196.2413153307757,0.6953464637466215,,0.0005812760810341595,0.17899529015356525,0.2811589263738158,0.028172726618414894,0.04223943991277785
dense,adamw,1e-06,adamw-lr1e-6,2,1563,88,110297088,1196.2390821083811,1.1317485558220879,0.5225451926756797,0.0009460889321784838,0.17899643522214126,0.3014830973616896,0.02817316933530059,0.04769037480660301
dense,adamw,1e-06,adamw-lr1e-6,3,2345,88,110297088,1196.2377507621027,1.3769759817611105,0.32184783543490275,0.0011510888875425162,0.178997225571364,0.31067164039069955,0.028173477911853536,0.05042420567217517
dense,adamw,1e-06,adamw-lr1e-6,4,3126,88,110297088,1196.2369830241573,1.5060368060874993,0.1802307537255287,0.001258978636724765,0.17899769954981012,0.3159366682729619,0.02817366069013422,0.05192830395650736
dense,adamw,1e-06,adamw-lr1e-6,5,3907,88,110297088,1196.2367662754205,1.5462053984489819,0.060905733797561035,0.0012925579969116122,0.1789978321960425,0.3176916750835225,0.028173704367668872,0.05237674168286158
dense,adamw,3e-06,adamw-lr3e-6,1,782,88,110297088,1196.237693683108,1.5388128659672298,,0.0012863771757846583,0.178997522747931,0.25489319008301925,0.028173557532463162,0.04293646462221834
dense,adamw,3e-06,adamw-lr3e-6,2,1563,88,110297088,1196.2343378466128,2.2617739822869685,1.046189382282225,0.0018907449073552547,0.17900002342374885,0.2669860412451354,0.028174555053645595,0.046985373916951095
dense,adamw,3e-06,adamw-lr3e-6,3,2345,88,110297088,1196.2324198011365,2.6043177993419673,0.6289639501009432,0.002177100165680941,0.17900168844922024,0.2675006137612988,0.028175163366657527,0.047622545079432706
dense,adamw,3e-06,adamw-lr3e-6,4,3126,88,110297088,1196.2316405060167,2.77483711855484,0.3631981432875769,0.0023196486571623025,0.17900257702060243,0.26709505180544396,0.028175486630217277,0.04766761660974293
dense,adamw,3e-06,adamw-lr3e-6,5,3907,88,110297088,1196.23133274414,2.8279818437811852,0.1323854310068195,0.002364076049817078,0.1790028975549388,0.2673555938676398,0.028175585908207665,0.047711376658576055
dense,adamw,1e-05,adamw-lr1e-5,1,782,88,110297088,1196.1682510803132,3.2895260261397934,,0.0027500529487961872,0.17900203748103133,0.1886608868857278,0.0281753700206624,0.03519853325759902
dense,adamw,1e-05,adamw-lr1e-5,2,1563,88,110297088,1196.0847377560167,4.502507839965603,2.3586588048657826,0.0037643719527872175,0.17900743802640845,0.17306050817596721,0.028177497749102307,0.03272283005025138
dense,adamw,1e-05,adamw-lr1e-5,3,2345,88,110297088,1196.0159385433587,5.0949285547724035,1.6117535125402367,0.0042599169380448006,0.17901073357359293,0.16695925123232572,0.0281785278018305,0.03165450504916237
dense,adamw,1e-05,adamw-lr1e-5,4,3126,88,110297088,1196.0016899633931,5.375623633224142,0.9895010529650043,0.004494662238636701,0.1790124604548203,0.16600731944535824,0.028179048301582348,0.031516559511662164
dense,adamw,1e-05,adamw-lr1e-5,5,3907,88,110297088,1196.001275531062,5.453681584268393,0.3756683743103209,0.004559929571853331,0.17901325861320777,0.16647423794841704,0.0281792583471951,0.03158732718304995
dense,adamw,3e-05,adamw-lr3e-5,1,782,88,110297088,1196.0329174524027,6.941996757068199,,0.005804185366281495,0.17900778578325388,0.11053487886599997,0.028178019952128597,0.022681181341469448
dense,adamw,3e-05,adamw-lr3e-5,2,1563,88,110297088,1195.821215521469,9.614720349005465,5.985734686589089,0.008040265738898699,0.17901644512094597,0.09510307058811507,0.028181709677857512,0.020620444866724034
dense,adamw,3e-05,adamw-lr3e-5,3,2345,88,110297088,1195.6648658077618,10.845064146813321,4.383586152716924,0.009070321004612495,0.17902247333789573,0.08969523769648954,0.02818330493880147,0.019913614924279923
dense,adamw,3e-05,adamw-lr3e-5,4,3126,88,110297088,1195.5710548631157,11.358123847676083,2.7358927008265064,0.009500166302517675,0.179026392183919,0.08871986148231488,0.02818444169021864,0.01986703499504191
dense,adamw,3e-05,adamw-lr3e-5,5,3907,88,110297088,1195.5435346046916,11.47092216641425,1.068742631765133,0.009594733971947855,0.17902849424371425,0.08905218667624627,0.028184923188970052,0.019936864717519858
dense,muon,0.0001,muon-lr1e-4,1,782,88,110297088,1195.5527041783794,4.848655001789519,,0.0040555761237825675,0.17899921771517413,0.20103530968753572,0.028173201717436314,0.028682474828858107
dense,muon,0.0001,muon-lr1e-4,2,1563,88,110297088,1194.8275509150228,7.097799397819449,4.355509259022068,0.005940438343913155,0.17900509497818143,0.20033739448430385,0.028174172349792113,0.028658611665076432
dense,muon,0.0001,muon-lr1e-4,3,2345,88,110297088,1194.3095939837317,8.172163455707885,3.022177666551792,0.006842583779678824,0.17900954562433583,0.19835613366654692,0.02817468201233582,0.02856550550705848
dense,muon,0.0001,muon-lr1e-4,4,3126,88,110297088,1194.0001061227929,8.657412821540634,1.8151589240782822,0.007250763862704625,0.17901227268624434,0.19748378778623546,0.028174935202587417,0.028684656461949815
dense,muon,0.0001,muon-lr1e-4,5,3907,88,110297088,1193.8895105100166,8.78594540658392,0.6763835416356851,0.0073590942287705165,0.17901352546949756,0.19723740567697243,0.028175095654027985,0.028766291577090077
dense,muon,0.0003,muon-lr3e-4,1,782,88,110297088,1194.2355500520448,12.943380305190995,,0.010838213872151874,0.17899423925315633,0.1823371351163655,0.0281732257226492,0.02350316070677603
dense,muon,0.0003,muon-lr3e-4,2,1563,88,110297088,1192.1179979412057,18.525389401635348,12.187581808449348,0.015539895743230786,0.17899447556007356,0.17693066282725747,0.02817444176597391,0.022803272820391598
dense,muon,0.0003,muon-lr3e-4,3,2345,88,110297088,1190.606024268119,21.06721477303953,8.695361600539346,0.017694530637025647,0.17899821312191652,0.17249186129314217,0.028174540526009498,0.02250312953529989
dense,muon,0.0003,muon-lr3e-4,4,3126,88,110297088,1189.6964832673516,22.135353429015666,5.288649380574583,0.0186058828788194,0.17900228032214757,0.16972097186720309,0.028174991166607582,0.022384634084581214
dense,muon,0.0003,muon-lr3e-4,5,3907,88,110297088,1189.3888733372978,22.377398140504052,1.991864900369523,0.01881419831826362,0.1790054134705806,0.16869763267490476,0.028175312487836827,0.022371091048188387
dense,muon,0.001,muon-lr1e-3,1,782,88,110297088,1189.9884581504762,40.142250793117434,,0.03373331104026672,0.17880126690482073,0.176183279429408,0.028161147031634248,0.021551848630754548
dense,muon,0.001,muon-lr1e-3,2,1563,88,110297088,1183.403823291974,56.9042480053044,39.176750997068254,0.04808523251767859,0.17861533110194347,0.1681716227156912,0.02814779337993599,0.020889310597038684
dense,muon,0.001,muon-lr1e-3,3,2345,88,110297088,1178.651806468317,64.25932067271945,28.278774724627457,0.054519341776825915,0.17853444177199174,0.1618952919445175,0.0281400244961926,0.020469698898075896
dense,muon,0.001,muon-lr1e-3,4,3126,88,110297088,1175.7580541768932,67.11712841239304,17.334667644271143,0.05708413238077232,0.17851726467756027,0.15760024083668694,0.02813843899172417,0.02023557471709057
dense,muon,0.001,muon-lr1e-3,5,3907,88,110297088,1174.7774064728083,67.66152058869916,6.586815016032457,0.057595183747913926,0.1785218375411263,0.15594676727638207,0.02813858487070563,0.020161881609595714
dense,muon,0.003,muon-lr3e-3,1,782,88,110297088,1180.873237643687,116.55506141218706,,0.0987024328240014,0.17688399079171094,0.17150524547971027,0.02802650873016387,0.020793184331732797
dense,muon,0.003,muon-lr3e-3,2,1563,88,110297088,1164.947840288064,164.1034339790859,114.58330495238646,0.14086762368562958,0.17497118212840454,0.16156084401742182,0.027877119016201102,0.020021365589417396
dense,muon,0.003,muon-lr3e-3,3,2345,88,110297088,1152.9110500343472,184.30066501019758,82.79574495676924,0.15985679468048028,0.17405315882023326,0.1548380220338782,0.027802242180282738,0.01966269139977381
dense,muon,0.003,muon-lr3e-3,4,3126,88,110297088,1145.2289233078393,191.63853448109015,50.75344239291717,0.16733644302972028,0.17377045573318067,0.15039134262637657,0.027775929030529,0.019458634963129613
dense,muon,0.003,muon-lr3e-3,5,3907,88,110297088,1142.5044834958965,192.8405742155307,19.44261584729566,0.1687875863956934,0.17376003034890972,0.14858307234723778,0.027773640432300413,0.019378783898477886
dense,normuon,0.0001,normuon-lr1e-4,1,782,88,110297088,1195.5494774441356,4.8273551646677495,,0.004037771130131515,0.1789969590636976,0.08226879695081775,0.02817257470326787,0.019750939970985454
dense,normuon,0.0001,normuon-lr1e-4,2,1563,88,110297088,1194.8214106706062,7.089533347950005,4.355160080608268,0.005933550641656923,0.17900229248412472,0.08521906731719958,0.02817382248626514,0.0203379768290542
dense,normuon,0.0001,normuon-lr1e-4,3,2345,88,110297088,1194.301519567302,8.172898746203119,3.0175915025384494,0.006843245706632089,0.17900654745293174,0.08656549126029334,0.028174384014013617,0.02049352077488354
dense,normuon,0.0001,normuon-lr1e-4,4,3126,88,110297088,1193.9911220697131,8.66236528510254,1.8112224458154351,0.007254966243037755,0.17900943219223442,0.08844638078966562,0.02817479666461919,0.0207374421207304
dense,normuon,0.0001,normuon-lr1e-4,5,3907,88,110297088,1193.8804244920475,8.79275890675097,0.6745335438870541,0.007364857255693733,0.1790107294000725,0.0894318120902713,0.02817499354720753,0.02086244247365683
dense,normuon,0.0003,normuon-lr3e-4,1,782,88,110297088,1194.2279750103742,12.931362397670865,,0.010828219291679658,0.178993768382439,0.04643149442851225,0.028172885222151316,0.014886738595497958
dense,normuon,0.0003,normuon-lr3e-4,2,1563,88,110297088,1192.1053712638206,18.530470283561232,12.169867986755342,0.015544322448539928,0.1789957459936327,0.04524456945193164,0.02817463018199339,0.014724536993127455
dense,normuon,0.0003,normuon-lr3e-4,3,2345,88,110297088,1190.5890196597682,21.091873066283025,8.677880813251369,0.017715494362874604,0.17899984042633343,0.04613253323829429,0.028174572634226815,0.014836024607526746
dense,normuon,0.0003,normuon-lr3e-4,4,3126,88,110297088,1189.677384203441,22.16984144508605,5.27181747463085,0.01863517096269764,0.17900459215363718,0.047703922860682965,0.028175255507828397,0.0150492789876214
dense,normuon,0.0003,normuon-lr3e-4,5,3907,88,110297088,1189.3688452794786,22.41529996781682,1.9832406364592472,0.01884638231174591,0.17900789106752782,0.048457204931998316,0.028175768875741067,0.015136617569521787
dense,normuon,0.001,normuon-lr1e-3,1,782,88,110297088,1189.9774655412282,40.17975980705533,,0.033765143433855435,0.178844319905508,0.030906106260689823,0.028161102552265727,0.01261015660702226
dense,normuon,0.001,normuon-lr1e-3,2,1563,88,110297088,1183.3809223710323,57.03948796904235,39.19273536374082,0.0482004457658127,0.1786913168541888,0.03242417491155672,0.028146766923009395,0.012864147766149617
dense,normuon,0.001,normuon-lr1e-3,3,2345,88,110297088,1178.6202318905025,64.46287662059095,28.232040772197667,0.054693509305531546,0.17862813341067754,0.03480717670770093,0.028139390917943125,0.013207724429965815
dense,normuon,0.001,normuon-lr1e-3,4,3126,88,110297088,1175.7194076853589,67.36347323481237,17.288858024018523,0.057295535647770734,0.17861592705874518,0.036829625246398906,0.028139223065725305,0.013475422356476918
dense,normuon,0.001,normuon-lr1e-3,5,3907,88,110297088,1174.735873636365,67.92396441081374,6.561750835397653,0.05782062669164672,0.1786218088339357,0.037698533216660675,0.028139863865459986,0.013587935914828337
dense,normuon,0.003,normuon-lr3e-3,1,782,88,110297088,1180.8589005194665,116.42295718164354,,0.09859175988801747,0.17728409065521336,0.0295112487874965,0.028029694027680765,0.012361391833460427
dense,normuon,0.003,normuon-lr3e-3,2,1563,88,110297088,1164.8833972074701,164.15166511308468,114.54213219311467,0.140916820951006,0.17569423701992648,0.03270894819920395,0.027892837121604598,0.012746025875390053
dense,normuon,0.003,normuon-lr3e-3,3,2345,88,110297088,1152.8070221315816,184.3250100865618,82.57289158587217,0.1598923380478185,0.17492899027737704,0.03594303259596149,0.027817461256156948,0.013182560763854713
dense,normuon,0.003,normuon-lr3e-3,4,3126,88,110297088,1145.0955172877902,191.7342179699939,50.66787158442533,0.1674394974701542,0.17469608465976574,0.03833171158511052,0.027795048619814734,0.013488758616846673
dense,normuon,0.003,normuon-lr3e-3,5,3907,88,110297088,1142.3613198939227,192.96933155382465,19.387940880002926,0.1689214508521204,0.17469103980988743,0.03933363479567084,0.02779367648284225,0.013614783770738438
late,adamw,1e-06,adamw-lr1e-6,1,782,88,110297088,1158.5187925237697,0.6648023654152936,,0.0005738382231737977,0.18699762500065534,0.29233935220356294,0.02890376966536284,0.0462043326507437
late,adamw,1e-06,adamw-lr1e-6,2,1563,88,110297088,1158.5183371821674,1.1377851576587592,0.5312185030549278,0.0009821037105257765,0.18699970386205192,0.3102490681218591,0.02890459173184665,0.04911335406297031
late,adamw,1e-06,adamw-lr1e-6,3,2345,88,110297088,1158.5176458889314,1.3906387674463683,0.3126991030490854,0.0012003604540518934,0.18700091956173354,0.31553924661428534,0.02890505619785365,0.050041259560275844
late,adamw,1e-06,adamw-lr1e-6,4,3126,88,110297088,1158.517382427927,1.5194994958983323,0.16985818147247683,0.0013115897257526582,0.18700153427447547,0.31716759502887726,0.02890528102758973,0.05015107350832319
late,adamw,1e-06,adamw-lr1e-6,5,3907,88,110297088,1158.517246677936,1.5617686910546513,0.05938500760825731,0.0013480754779724206,0.187001719074772,0.3181725671504908,0.02890534740050926,0.05028844764207136
late,adamw,3e-06,adamw-lr3e-6,1,782,88,110297088,1158.517543705138,1.5267162221833956,,0.0013178188198175187,0.18700109805692644,0.2618669950786759,0.028905090390341007,0.04295769851794217
late,adamw,3e-06,adamw-lr3e-6,2,1563,88,110297088,1158.5155871663826,2.2243587413498136,0.9553745085408214,0.0019200076080032556,0.1870038070999843,0.2637564314798238,0.02890607132949931,0.042653105236629754
late,adamw,3e-06,adamw-lr3e-6,3,2345,88,110297088,1158.5143282804731,2.588129129042599,0.6063541200543807,0.0022340070086867498,0.18700497008780426,0.2603317711522235,0.02890645090570265,0.04179795052019511
late,adamw,3e-06,adamw-lr3e-6,4,3126,88,110297088,1158.5138536089848,2.7781195453394156,0.3592231757036317,0.0023980028695255217,0.18700552872197831,0.25895566284098726,0.028906621427379826,0.04132458671210284
late,adamw,3e-06,adamw-lr3e-6,5,3907,88,110297088,1158.5136964150595,2.84117175472982,0.1350810135707882,0.002452428282480932,0.18700571714795847,0.2592975475929956,0.028906676223511524,0.04131974374008848
late,adamw,1e-05,adamw-lr1e-5,1,782,88,110297088,1158.4525412819103,3.1156847496533904,,0.0026895229960872315,0.18700512084253332,0.19196414812044663,0.02890655434974295,0.03282376167608455
late,adamw,1e-05,adamw-lr1e-5,2,1563,88,110297088,1158.3733366423867,4.396758877691714,2.2778102392674664,0.0037956319768512443,0.18700721066066606,0.17679131693420883,0.028907329030832984,0.030574393478585756
late,adamw,1e-05,adamw-lr1e-5,3,2345,88,110297088,1158.308098538556,5.0915994709834695,1.639857937899635,0.004395721205271353,0.18700842049351352,0.17059506379306955,0.028907627992849936,0.02965534147482744
late,adamw,1e-05,adamw-lr1e-5,4,3126,88,110297088,1158.2950688800063,5.41854952738537,1.0045847310228047,0.004678039018697321,0.18700956798253213,0.1698664627909501,0.028907896111654566,0.029467768456667345
late,adamw,1e-05,adamw-lr1e-5,5,3907,88,110297088,1158.2949507348912,5.514847982724048,0.3912321655443198,0.004761177607849452,0.1870098640933075,0.1703630415174891,0.02890797002978105,0.02951762634005776
late,adamw,3e-05,adamw-lr3e-5,1,782,88,110297088,1158.3256679106175,6.592262841524759,,0.005691199827606214,0.18700692553650886,0.11518662297391,0.028907964810390364,0.022659296065290026
late,adamw,3e-05,adamw-lr3e-5,2,1563,88,110297088,1158.1269538007043,9.488650136892868,6.006651102929896,0.008193100165533077,0.18700733409327938,0.10105830653107421,0.028908825297665627,0.020928943529725075
late,adamw,3e-05,adamw-lr3e-5,3,2345,88,110297088,1157.979818373965,10.879919911558304,4.467459703954733,0.009395604084737752,0.1870085400414658,0.0976553161772974,0.028909577345624965,0.02064297537762612
late,adamw,3e-05,adamw-lr3e-5,4,3126,88,110297088,1157.890409245414,11.458741105260247,2.8183464992841176,0.009896222486830853,0.18701126654557684,0.09726106604551249,0.02891031584209379,0.020644353675272537
late,adamw,3e-05,adamw-lr3e-5,5,3907,88,110297088,1157.8651791784278,11.593518638178233,1.1101943647300576,0.010012839876922894,0.18701173939846735,0.09773577937985806,0.0289104004081757,0.020710437424122333
late,muon,0.0001,muon-lr1e-4,1,782,88,110297088,1157.8554624967046,4.976491254186563,,0.004298024594067782,0.1869965994899923,0.20413051742343183,0.028903665616211886,0.028370778424974114
late,muon,0.0001,muon-lr1e-4,2,1563,88,110297088,1157.1520708279947,7.329867334343591,4.433342265378653,0.006334402814574526,0.18699761677314253,0.20320283482100238,0.02890384949763669,0.028492772934290974
late,muon,0.0001,muon-lr1e-4,3,2345,88,110297088,1156.6483909265983,8.475278337047012,3.068164149786206,0.007327445750611742,0.18699806664676907,0.20192543415223213,0.02890367896101851,0.028514881595909435
late,muon,0.0001,muon-lr1e-4,4,3126,88,110297088,1156.3476453335431,8.988994005446164,1.8364491928354432,0.00777360860440316,0.18699939404539564,0.2012966963497394,0.028903760576252154,0.028677632322505038
late,muon,0.0001,muon-lr1e-4,5,3907,88,110297088,1156.2402092843256,9.1281804024843,0.6830968976119883,0.007894709359860735,0.18699975670340227,0.20120310376990924,0.028903784770717755,0.028789135445666345
late,muon,0.0003,muon-lr3e-4,1,782,88,110297088,1156.5850357356032,13.266554866421592,,0.01147045349586759,0.18697940916779207,0.18633605089576485,0.028903131833907594,0.023626814220339697
late,muon,0.0003,muon-lr3e-4,2,1563,88,110297088,1154.5310801075855,18.961414944086815,12.337291009472787,0.016423477263444383,0.18695954337995002,0.18128171869937112,0.028901008435868642,0.023192794971108276
late,muon,0.0003,muon-lr3e-4,3,2345,88,110297088,1153.0541987620206,21.61059825625735,8.790069895979057,0.018742048968261527,0.1869502072147826,0.17786896534084795,0.028900021490426784,0.023096211852236866
late,muon,0.0003,muon-lr3e-4,4,3126,88,110297088,1152.1653633683466,22.704073498124984,5.334682303044062,0.01970556850602573,0.18694968426968644,0.1754994111802967,0.028899950366268023,0.023054025285344393
late,muon,0.0003,muon-lr3e-4,5,3907,88,110297088,1151.8650792524045,22.95379809304053,2.005445958885283,0.01992750583943238,0.18695000987400345,0.17467859686715878,0.028899873126258347,0.023068126970852282
late,muon,0.001,muon-lr1e-3,1,782,88,110297088,1152.498082665211,40.79487259805461,,0.035396911467058034,0.1867233121140118,0.17837373915820676,0.028885154578994144,0.021581216516062856
late,muon,0.001,muon-lr1e-3,2,1563,88,110297088,1146.1145843821994,57.815799600510765,39.525075858512906,0.050445043094601,0.18645332419975874,0.17169970463722306,0.028864418380560083,0.021118465733818988
late,muon,0.001,muon-lr1e-3,3,2345,88,110297088,1141.469959709872,65.32224954440042,28.4392939694864,0.057226428946937344,0.1863192168368216,0.16658939151740806,0.028853398453902432,0.020852753240117095
late,muon,0.001,muon-lr1e-3,4,3126,88,110297088,1138.63495605647,68.22003825123912,17.446084354431655,0.059913880114405856,0.18627630952088273,0.1629752973592616,0.02884886954178944,0.020685828365584746
late,muon,0.001,muon-lr1e-3,5,3907,88,110297088,1137.6727017559442,68.78406796977958,6.623095543208121,0.06046033086986672,0.18627239751783922,0.16162208491627544,0.02884806773281671,0.02064246443762658
late,muon,0.003,muon-lr3e-3,1,782,88,110297088,1143.9513279715834,117.8230410867254,,0.10299655081973226,0.18444867715996535,0.1761454641918607,0.028718164526822573,0.020749903846791085
late,muon,0.003,muon-lr3e-3,2,1563,88,110297088,1128.640048994276,165.58402867065456,115.1530387414459,0.14671110494280745,0.18204783324530738,0.16726916636972822,0.028536520320623315,0.020162718365576496
late,muon,0.003,muon-lr3e-3,3,2345,88,110297088,1116.998204619481,185.84223415724168,83.04892366152218,0.16637648421337534,0.18085654335903292,0.1609839389130553,0.028437087369614585,0.01984470013658551
late,muon,0.003,muon-lr3e-3,4,3126,88,110297088,1109.4921137600859,193.22504338965626,50.926993310477634,0.1741563017828163,0.18045140124538683,0.1569427663091829,0.028400886930863966,0.019674519096864736
late,muon,0.003,muon-lr3e-3,5,3907,88,110297088,1106.8197307333608,194.4410872144229,19.515715762874308,0.17567547976904008,0.18041079615885242,0.15537475351303975,0.02839704790715387,0.019617752331423568
late,normuon,0.0001,normuon-lr1e-4,1,782,88,110297088,1157.8546980402264,4.959326555289357,,0.004283202861018282,0.1869963198442032,0.08342879001589064,0.028903297900675452,0.019766289354824926
late,normuon,0.0001,normuon-lr1e-4,2,1563,88,110297088,1157.1495006363646,7.336086478912616,4.436147524661846,0.006339791422697065,0.18699686413501354,0.08808165383749308,0.02890335671593719,0.020412735892509554
late,normuon,0.0001,normuon-lr1e-4,3,2345,88,110297088,1156.6454549095035,8.490970661541017,3.0638796911484714,0.007341031450476199,0.1869969721285895,0.09013321341319198,0.0289030776852194,0.020608661043890975
late,normuon,0.0001,normuon-lr1e-4,4,3126,88,110297088,1156.3445332249553,9.011462129382501,1.832208750923761,0.007793059828155396,0.1869979431145491,0.09222343387729663,0.02890307890042105,0.020881868390874428
late,normuon,0.0001,normuon-lr1e-4,5,3907,88,110297088,1156.2368894030878,9.153441726288282,0.6809384466649582,0.0079165799069201,0.18699821897528388,0.09331460967460736,0.028903102504716997,0.02102527957419581
late,normuon,0.0003,normuon-lr3e-4,1,782,88,110297088,1156.5832959293239,13.262053561891738,,0.011466578852183381,0.18698150960399823,0.04858999915002661,0.02890230705065125,0.015134603370299793
late,normuon,0.0003,normuon-lr3e-4,2,1563,88,110297088,1154.5297374975285,18.97776815911312,12.318461978976156,0.01643766075722562,0.1869648101435785,0.04830993516719278,0.028900826974886464,0.015168536100835404
late,normuon,0.0003,normuon-lr3e-4,3,2345,88,110297088,1153.0521528471702,21.643134673070367,8.768612618467024,0.018770299868594954,0.1869566464288668,0.04987240087161249,0.028899729378860105,0.01536793306091412
late,normuon,0.0003,normuon-lr3e-4,4,3126,88,110297088,1152.1635826669797,22.746698185092676,5.319056446913636,0.019742594304568782,0.1869558554521219,0.051522117904960155,0.028899515869424623,0.015603925776294368
late,normuon,0.0003,normuon-lr3e-4,5,3907,88,110297088,1151.8632060764287,23.002433356617175,1.9981910479203966,0.019969761370336635,0.18695622302073847,0.05230691366614824,0.02889946412623805,0.0157006035389548
late,normuon,0.001,normuon-lr1e-3,1,782,88,110297088,1152.503719146587,40.79495161942178,,0.03539680691844524,0.18676952584422526,0.0315349030004625,0.02888641548019281,0.012704576213749494
late,normuon,0.001,normuon-lr1e-3,2,1563,88,110297088,1146.121981292856,57.86412368885016,39.505846274797804,0.05048688065783181,0.18654610346106285,0.03287263668794683,0.02886845913272411,0.0129281364451038
late,normuon,0.001,normuon-lr1e-3,3,2345,88,110297088,1141.4733466254,65.42436431246568,28.406071001951204,0.057315717888537045,0.18642964074637164,0.03498728007556283,0.028858141388425376,0.0132326757246479
late,normuon,0.001,normuon-lr1e-3,4,3126,88,110297088,1138.6361798552402,68.35363349408917,17.38735700114826,0.06003114489369138,0.18639353938639802,0.03682771472529294,0.028855580313599364,0.013503161102114993
late,normuon,0.001,normuon-lr1e-3,5,3907,88,110297088,1137.6743705802246,68.93006620963648,6.598998026195815,0.060588572611055214,0.18638973668177816,0.037618793407704104,0.02885457631051142,0.013608840993919315
late,normuon,0.003,normuon-lr3e-3,1,782,88,110297088,1143.975225345992,117.60414514158367,,0.10280305249269243,0.18486759698088157,0.029347293437483477,0.02873190079521846,0.012314375895847452
late,normuon,0.003,normuon-lr3e-3,2,1563,88,110297088,1128.6285522174912,165.51188864735863,115.01526350419064,0.1466486811113953,0.18282713185258728,0.03217499633444184,0.02856873932050511,0.012665151613440744
late,normuon,0.003,normuon-lr3e-3,3,2345,88,110297088,1116.965308657368,185.9304608227194,82.9182160187086,0.1664603720291138,0.18181025422113464,0.03495021208244212,0.028477774746217988,0.0130397964986091
late,normuon,0.003,normuon-lr3e-3,4,3126,88,110297088,1109.4467261494724,193.42121257899336,50.877437426643255,0.17434024367289386,0.18145057688502067,0.037134250630948315,0.028444550059895147,0.013340984406397942
late,normuon,0.003,normuon-lr3e-3,5,3907,88,110297088,1106.7756575920473,194.66693073045366,19.471243935634657,0.1758865307482278,0.18141431746914743,0.03808194132930136,0.028442308782315986,0.01347022355200454
