family,anchor,condition,algorithm,direction,relative_scale,samples,contrastive_loss,delta_contrastive_loss,positive_score,delta_positive_score,hardest_negative_score,delta_hardest_negative_score,positive_margin,delta_positive_margin,reciprocal_rank,delta_reciprocal_rank,top1_accuracy,delta_top1_accuracy,loss_improvement_rate
dense,dense/pretrained,adamw-descent-1e-04,adamw,descent,0.0001,224,0.9133538699534256,-0.00829268671805039,0.5560128348214286,0.00115966796875,0.5363682338169643,0.0007498604910714286,0.019644601004464284,0.00040980747767857144,0.7747874160829399,-0.000148809514939785,0.6383928571428571,0.0,0.5089285714285714
dense,dense/pretrained,adamw-descent-3e-04,adamw,descent,0.0003,224,0.9026864271186891,-0.018960129552786902,0.5577741350446429,0.0029209681919642855,0.5377894810267857,0.002171107700892857,0.019984654017857144,0.0007498604910714286,0.7788052734519754,0.0038690478540956974,0.6473214285714286,0.008928571428571428,0.6071428571428571
dense,dense/pretrained,adamw-descent-1e-03,adamw,descent,0.001,224,0.8731082792801317,-0.04853827739134431,0.5636771065848214,0.008823939732142858,0.5424281529017857,0.006809779575892857,0.021248953683035716,0.00201416015625,0.7845663277964506,0.009630102198570967,0.6517857142857143,0.013392857142857142,0.5892857142857143
dense,dense/pretrained,adamw-sign-reversal-1e-03,adamw,sign_reversal,0.001,224,0.985967847745217,0.06432129107374099,0.54498291015625,-0.009870256696428572,0.5281720842633929,-0.0074462890625,0.016810825892857144,-0.0024239676339285715,0.7602784874449883,-0.014657738152891397,0.6160714285714286,-0.022321428571428572,0.36160714285714285
dense,dense/pretrained,muon-descent-1e-04,muon,descent,0.0001,224,0.9134998809043152,-0.008146675767160818,0.5553414481026786,0.00048828125,0.5359061104910714,0.00028773716517857144,0.019435337611607144,0.00020054408482142856,0.7725871611120445,-0.0023490644858351777,0.6339285714285714,-0.004464285714285714,0.44642857142857145
dense,dense/pretrained,muon-descent-3e-04,muon,descent,0.0003,224,0.9137790183262301,-0.00786753834524591,0.5562220982142857,0.0013689313616071428,0.5366734095982143,0.0010550362723214285,0.019548688616071428,0.0003138950892857143,0.7755739806619074,0.00063775506402765,0.6428571428571429,0.004464285714285714,0.5178571428571429
dense,dense/pretrained,muon-descent-1e-03,muon,descent,0.001,224,0.8940840324191542,-0.027562524252321703,0.5592389787946429,0.004385811941964286,0.5390625,0.003444126674107143,0.020176478794642856,0.0009416852678571429,0.7779868208537144,0.0030505952558347155,0.6428571428571429,0.004464285714285714,0.5803571428571429
dense,dense/pretrained,muon-sign-reversal-1e-03,muon,sign_reversal,0.001,224,0.9474581056108166,0.025811548939340616,0.5511823381696429,-0.0036708286830357145,0.5330810546875,-0.002537318638392857,0.018101283482142856,-0.0011335100446428572,0.7694302731459695,-0.005505952451910291,0.6294642857142857,-0.008928571428571428,0.39732142857142855
dense,dense/pretrained,normuon-descent-1e-04,normuon,descent,0.0001,224,0.9177867989326062,-0.00385975773886977,0.5553501674107143,0.0004970005580357143,0.5360194614955357,0.00040108816964285713,0.019330705915178572,9.591238839285714e-05,0.7794005113786885,0.0044642857808087555,0.6473214285714286,0.008928571428571428,0.4375
dense,dense/pretrained,normuon-descent-3e-04,normuon,descent,0.0003,224,0.9122589814692869,-0.00938757520218912,0.5562831333705357,0.0014299665178571428,0.5367606026785714,0.0011422293526785715,0.019522530691964284,0.00028773716517857144,0.7724489806486028,-0.0024872449492769583,0.6294642857142857,-0.008928571428571428,0.5446428571428571
dense,dense/pretrained,normuon-descent-1e-03,normuon,descent,0.001,224,0.9008525139860077,-0.02079404268546828,0.5589861188616071,0.004132952008928571,0.53912353515625,0.003505161830357143,0.019862583705357144,0.0006277901785714286,0.7833864807949534,0.008450255197073733,0.6517857142857143,0.013392857142857142,0.5535714285714286
dense,dense/pretrained,normuon-sign-reversal-1e-03,normuon,sign_reversal,0.001,224,0.9486663112786898,0.027019754607213793,0.5515223911830357,-0.003330775669642857,0.5331856863839286,-0.0024326869419642855,0.018336704799107144,-0.0008980887276785714,0.7703975349930781,-0.0045386906048016885,0.6294642857142857,-0.008928571428571428,0.41964285714285715
dense,dense/adamw-lr1e-5/checkpoint-782,adamw-descent-1e-04,adamw,descent,0.0001,224,0.6600642231881336,0.00492081879584865,0.6234305245535714,-0.00033133370535714287,0.5876116071428571,0.0001220703125,0.03581891741071429,-0.00045340401785714287,0.8557716844204281,0.0014136903254049166,0.7678571428571429,0.004464285714285714,0.47767857142857145
dense,dense/adamw-lr1e-5/checkpoint-782,adamw-descent-3e-04,adamw,descent,0.0003,224,0.6593037616060299,0.004160357213744906,0.6231689453125,-0.0005929129464285714,0.587158203125,-0.00033133370535714287,0.0360107421875,-0.00026157924107142856,0.8615752557691719,0.007217261674148696,0.7767857142857143,0.013392857142857142,0.4419642857142857
dense,dense/adamw-lr1e-5/checkpoint-782,adamw-descent-1e-03,adamw,descent,0.001,224,0.6602923407060318,0.005148936313746942,0.6222272600446429,-0.0015345982142857143,0.5865129743303571,-0.0009765625,0.03571428571428571,-0.0005580357142857143,0.8454294225334057,-0.008928571561617511,0.7455357142857143,-0.017857142857142856,0.4419642857142857
dense,dense/adamw-lr1e-5/checkpoint-782,adamw-sign-reversal-1e-03,adamw,sign_reversal,0.001,224,0.6856046384843596,0.030461234092074716,0.6242937360491071,0.0005318777901785714,0.5892769949776786,0.0017874581473214285,0.03501674107142857,-0.0012555803571428572,0.860831208194473,0.006473214099449771,0.78125,0.017857142857142856,0.35714285714285715
dense,dense/adamw-lr1e-5/checkpoint-782,muon-descent-1e-04,muon,descent,0.0001,224,0.6609384903224834,0.005795085930198444,0.6237444196428571,-1.743861607142857e-05,0.5878731863839286,0.00038364955357142856,0.03587123325892857,-0.00040108816964285713,0.8522746609523892,-0.002083333142633949,0.7633928571428571,0.0,0.42857142857142855
dense,dense/adamw-lr1e-5/checkpoint-782,muon-descent-3e-04,muon,descent,0.0003,224,0.6582878233382091,0.0031444189459242417,0.6232212611607143,-0.0005405970982142857,0.5872453962053571,-0.000244140625,0.035975864955357144,-0.0002964564732142857,0.8533907322479146,-0.0009672618471086025,0.7633928571428571,0.0,0.5133928571428571
dense,dense/adamw-lr1e-5/checkpoint-782,muon-descent-1e-03,muon,descent,0.001,224,0.6511984056508352,-0.003944998741449776,0.62371826171875,-4.359654017857143e-05,0.5874982561383929,8.719308035714285e-06,0.036220005580357144,-5.231584821428571e-05,0.8577062082476914,0.0033482141526682036,0.7678571428571429,0.004464285714285714,0.46875
dense,dense/adamw-lr1e-5/checkpoint-782,muon-sign-reversal-1e-03,muon,sign_reversal,0.001,224,0.6726919022099277,0.017548497817642783,0.6249825613839286,0.001220703125,0.5895560128348214,0.0020664760044642855,0.035426548549107144,-0.0008457728794642857,0.8536883512777942,-0.0006696428172290325,0.7633928571428571,0.0,0.3794642857142857
dense,dense/adamw-lr1e-5/checkpoint-782,normuon-descent-1e-04,normuon,descent,0.0001,224,0.6580078628248884,0.0028644584326035067,0.6234915597098214,-0.00027029854910714287,0.58740234375,-8.719308035714286e-05,0.03608921595982143,-0.00018310546875,0.8537627561017871,-0.0005952379932360989,0.7633928571428571,0.0,0.45982142857142855
dense,dense/adamw-lr1e-5/checkpoint-782,normuon-descent-3e-04,normuon,descent,0.0003,224,0.6574237053672992,0.0022803009750142727,0.6233433314732143,-0.0004185267857142857,0.58746337890625,-2.6157924107142856e-05,0.03587995256696429,-0.00039236886160714287,0.859491922626538,0.0051339285315147466,0.7723214285714286,0.008928571428571428,0.45089285714285715
dense,dense/adamw-lr1e-5/checkpoint-782,normuon-descent-1e-03,normuon,descent,0.001,224,0.6474250453229615,-0.007718359069323404,0.6239972795758929,0.00023542131696428572,0.5874285016741071,-6.103515625e-05,0.03656877790178571,0.0002964564732142857,0.8625425178158496,0.008184523720826422,0.7767857142857143,0.013392857142857142,0.5089285714285714
dense,dense/adamw-lr1e-5/checkpoint-782,normuon-sign-reversal-1e-03,normuon,sign_reversal,0.001,224,0.6732843150978495,0.0181409107055645,0.6248517717633929,0.0010899135044642857,0.5895560128348214,0.0020664760044642855,0.03529575892857143,-0.0009765625,0.8579294227861932,0.0035714286911700454,0.7767857142857143,0.013392857142857142,0.3482142857142857
dense,dense/adamw-lr1e-5/checkpoint-2345,adamw-descent-1e-04,adamw,descent,0.0001,224,0.6505212634524794,-0.0012807641863738744,0.6204398018973214,-0.0003749302455357143,0.5845947265625,-0.0005667550223214286,0.03584507533482143,0.00019182477678571428,0.8633928580342659,-7.440462442381042e-05,0.7723214285714286,-0.004464285714285714,0.5401785714285714
dense,dense/adamw-lr1e-5/checkpoint-2345,adamw-descent-3e-04,adamw,descent,0.0003,224,0.6459324229888678,-0.005869604649985506,0.6194109235491071,-0.00140380859375,0.5833217075892857,-0.0018397739955357143,0.03608921595982143,0.0004359654017857143,0.8643601198148515,0.0008928571561617511,0.7723214285714286,-0.004464285714285714,0.5669642857142857
dense,dense/adamw-lr1e-5/checkpoint-2345,adamw-descent-1e-03,adamw,descent,0.001,224,0.6420050550910089,-0.009796972547844365,0.6162545340401786,-0.004560198102678571,0.5799647739955357,-0.005196707589285714,0.036289760044642856,0.0006365094866071429,0.8690476198680699,0.0055803572093801835,0.78125,0.004464285714285714,0.5803571428571429
dense,dense/adamw-lr1e-5/checkpoint-2345,adamw-sign-reversal-1e-03,adamw,sign_reversal,0.001,224,0.6571368092145674,0.00533478157571413,0.62615966796875,0.005344935825892857,0.5909772600446429,0.005815778459821429,0.035182407924107144,-0.00047084263392857144,0.86688988183492,0.0034226191762302604,0.7857142857142857,0.008928571428571428,0.40625
dense,dense/adamw-lr1e-5/checkpoint-2345,muon-descent-1e-04,muon,descent,0.0001,224,0.6505042099662595,-0.0012978176725937374,0.6208932059151786,7.847377232142858e-05,0.5850394112723214,-0.0001220703125,0.035853794642857144,0.00020054408482142856,0.8626488103265209,-0.0008184523321688175,0.7723214285714286,-0.004464285714285714,0.46875
dense,dense/adamw-lr1e-5/checkpoint-2345,muon-descent-3e-04,muon,descent,0.0003,224,0.6468017269956883,-0.005000300643164987,0.6211111886160714,0.0002964564732142857,0.5849783761160714,-0.00018310546875,0.0361328125,0.0004795619419642857,0.8651785722800663,0.0017113096213766507,0.7767857142857143,0.0,0.5580357142857143
dense,dense/adamw-lr1e-5/checkpoint-2345,muon-descent-1e-03,muon,descent,0.001,224,0.6346795629136912,-0.01712246472516199,0.6184779575892857,-0.0023367745535714285,0.5818743024553571,-0.0032871791294642855,0.03660365513392857,0.0009504045758928571,0.8686755960807204,0.005208333422030721,0.78125,0.004464285714285714,0.5982142857142857
dense,dense/adamw-lr1e-5/checkpoint-2345,muon-sign-reversal-1e-03,muon,sign_reversal,0.001,224,0.6657190658323283,0.013917038193475102,0.6241193498883929,0.0033046177455357145,0.5889020647321429,0.0037405831473214285,0.03521728515625,-0.0004359654017857143,0.8629464293564004,-0.0005208333022892475,0.7767857142857143,0.0,0.4107142857142857
dense,dense/adamw-lr1e-5/checkpoint-2345,normuon-descent-1e-04,normuon,descent,0.0001,224,0.6491048492853224,-0.002697178353530814,0.6207449776785714,-6.975446428571428e-05,0.5848563058035714,-0.00030517578125,0.035888671875,0.00023542131696428572,0.8601934531969684,-0.003273809461721352,0.7678571428571429,-0.008928571428571428,0.5446428571428571
dense,dense/adamw-lr1e-5/checkpoint-2345,normuon-descent-3e-04,normuon,descent,0.0003,224,0.6536337310180897,0.0018317033792365173,0.6206229073660714,-0.00019182477678571428,0.5846819196428571,-0.0004795619419642857,0.03594098772321429,0.00028773716517857144,0.8627976197749376,-0.0006696428837520736,0.7723214285714286,-0.004464285714285714,0.53125
dense,dense/adamw-lr1e-5/checkpoint-2345,normuon-descent-1e-03,normuon,descent,0.001,224,0.6366869991025916,-0.01511502853626163,0.61981201171875,-0.0010027204241071428,0.5835396902901786,-0.0016217912946428572,0.03627232142857143,0.0006190708705357143,0.8689732151106,0.005505952451910291,0.78125,0.004464285714285714,0.5491071428571429
dense,dense/adamw-lr1e-5/checkpoint-2345,normuon-sign-reversal-1e-03,normuon,sign_reversal,0.001,224,0.6530947901016718,0.0012927624628186354,0.6235613141741071,0.00274658203125,0.58795166015625,0.0027901785714285715,0.035609654017857144,-4.359654017857143e-05,0.8642857151239046,0.0008184524652148996,0.7767857142857143,0.0,0.4642857142857143
dense,dense/adamw-lr1e-5/checkpoint-3907,adamw-descent-1e-04,adamw,descent,0.0001,224,0.6327589618186299,-0.004587447182188953,0.62298583984375,-0.00047084263392857144,0.5867222377232143,-0.0006016322544642857,0.03626360212053571,0.00013078962053571428,0.8740327388181218,0.002827380850378956,0.7901785714285714,0.004464285714285714,0.5892857142857143
dense,dense/adamw-lr1e-5/checkpoint-3907,adamw-descent-3e-04,adamw,descent,0.0003,224,0.6346117222338178,-0.0027346867670010916,0.6215907505580357,-0.0018659319196428572,0.5853533063616071,-0.0019705636160714285,0.03623744419642857,0.00010463169642857142,0.8709077388048172,-0.0002976191629256521,0.78125,-0.004464285714285714,0.5580357142857143
dense,dense/adamw-lr1e-5/checkpoint-3907,adamw-descent-1e-03,adamw,descent,0.001,224,0.6264606442387048,-0.010885764762113987,0.6176409040178571,-0.005815778459821429,0.5810110909598214,-0.006312779017857143,0.03662981305803571,0.0004970005580357143,0.8787202386717711,0.007514880704028266,0.7946428571428571,0.008928571428571428,0.5625
dense,dense/adamw-lr1e-5/checkpoint-3907,adamw-sign-reversal-1e-03,adamw,sign_reversal,0.001,224,0.655064878178905,0.01771846917808619,0.6290108816964286,0.00555419921875,0.5939069475446429,0.006583077566964286,0.03510393415178571,-0.0010288783482142857,0.8721726198813745,0.0009672619136316436,0.7946428571428571,0.008928571428571428,0.41517857142857145
dense,dense/adamw-lr1e-5/checkpoint-3907,muon-descent-1e-04,muon,descent,0.0001,224,0.6357758692118166,-0.001570539789002266,0.6235002790178571,4.359654017857143e-05,0.5873500279017857,2.6157924107142856e-05,0.03615025111607143,1.743861607142857e-05,0.8689732151106,-0.002232142857142857,0.78125,-0.004464285714285714,0.44642857142857145
dense,dense/adamw-lr1e-5/checkpoint-3907,muon-descent-3e-04,muon,descent,0.0003,224,0.6336587723634304,-0.0036876366373884855,0.6224714006696429,-0.0009852818080357143,0.5862601143973214,-0.0010637555803571428,0.03621128627232143,7.847377232142858e-05,0.8731398816619601,0.001934523694217205,0.7857142857142857,0.0,0.5223214285714286
dense,dense/adamw-lr1e-5/checkpoint-3907,muon-descent-1e-03,muon,descent,0.001,224,0.6248937291712277,-0.012452679829591164,0.6200387137276786,-0.00341796875,0.5834001813616071,-0.003923688616071429,0.03663853236607143,0.0005057198660714286,0.8735119055158326,0.0023065475480897085,0.7857142857142857,0.0,0.5758928571428571
dense,dense/adamw-lr1e-5/checkpoint-3907,muon-sign-reversal-1e-03,muon,sign_reversal,0.001,224,0.6439386450339271,0.0065922360331082275,0.6265607561383929,0.0031040736607142855,0.5911952427455357,0.003871372767857143,0.035365513392857144,-0.0007672991071428571,0.8680059533965375,-0.0031994045712053776,0.78125,-0.004464285714285714,0.41964285714285715
dense,dense/adamw-lr1e-5/checkpoint-3907,normuon-descent-1e-04,normuon,descent,0.0001,224,0.6373576434799101,1.123447909126948e-05,0.6231427873883929,-0.0003138950892857143,0.5870274135044643,-0.0002964564732142857,0.03611537388392857,-1.743861607142857e-05,0.8708333341138703,-0.00037202385387250355,0.7857142857142857,0.0,0.42857142857142855
dense,dense/adamw-lr1e-5/checkpoint-3907,normuon-descent-3e-04,normuon,descent,0.0003,224,0.640291225368823,0.0029448163680042072,0.6220964704241071,-0.0013602120535714285,0.586181640625,-0.0011422293526785715,0.035914829799107144,-0.00021798270089285715,0.8719494055424418,0.000744047574698925,0.7857142857142857,0.0,0.5491071428571429
dense,dense/adamw-lr1e-5/checkpoint-3907,normuon-descent-1e-03,normuon,descent,0.001,224,0.6288016682141071,-0.008544740786711762,0.6208147321428571,-0.0026419503348214285,0.5843767438616071,-0.0029471261160714285,0.03643798828125,0.00030517578125,0.8764880958146283,0.005282737846885409,0.7901785714285714,0.004464285714285714,0.5892857142857143
dense,dense/adamw-lr1e-5/checkpoint-3907,normuon-sign-reversal-1e-03,normuon,sign_reversal,0.001,224,0.6431208250317013,0.005774416030882483,0.6261073521205357,0.002650669642857143,0.5904279436383929,0.0031040736607142855,0.035679408482142856,-0.00045340401785714287,0.8688988104196531,-0.0023065475480897085,0.7857142857142857,0.0,0.41517857142857145
dense,dense/muon-lr1e-3/checkpoint-782,adamw-descent-1e-04,adamw,descent,0.0001,224,0.6192099291482529,0.0030964093969357365,0.6710553850446429,3.487723214285714e-05,0.6393083844866071,0.00018310546875,0.03174700055803571,-0.00014822823660714285,0.8740327386850757,-0.002232142923665898,0.78125,-0.004464285714285714,0.36160714285714285
dense,dense/muon-lr1e-3/checkpoint-782,adamw-descent-3e-04,adamw,descent,0.0003,224,0.6153853165837323,-0.0007282031675848495,0.67138671875,0.0003662109375,0.6393955775669643,0.00027029854910714287,0.03199114118303571,9.591238839285714e-05,0.877380952904267,0.0011160712955253465,0.7857142857142857,0.0,0.44642857142857145
dense,dense/muon-lr1e-3/checkpoint-782,adamw-descent-1e-03,adamw,descent,0.001,224,0.6135065376205863,-0.002606982130730882,0.6727643694196429,0.0017438616071428572,0.6407209123883929,0.0015956333705357143,0.03204345703125,0.00014822823660714285,0.8767857149110309,0.0005208333022892475,0.7857142857142857,0.0,0.4375
dense,dense/muon-lr1e-3/checkpoint-782,adamw-sign-reversal-1e-03,adamw,sign_reversal,0.001,224,0.635091992326904,0.018978472575586887,0.6700962611607143,-0.0009242466517857143,0.6391775948660714,5.231584821428571e-05,0.030918666294642856,-0.0009765625,0.866071429236659,-0.010193452372082643,0.7678571428571429,-0.017857142857142856,0.39732142857142855
dense,dense/muon-lr1e-3/checkpoint-782,muon-descent-1e-04,muon,descent,0.0001,224,0.6186109655263863,0.0024974457750691465,0.6712995256696429,0.00027901785714285713,0.6394130161830357,0.00028773716517857144,0.031886509486607144,-8.719308035714285e-06,0.8792410719740603,0.002976190365318741,0.7901785714285714,0.004464285714285714,0.32142857142857145
dense,dense/muon-lr1e-3/checkpoint-782,muon-descent-3e-04,muon,descent,0.0003,224,0.611966507535856,-0.004147012215461083,0.6709333147321429,-8.719308035714286e-05,0.6390206473214286,-0.00010463169642857142,0.03191266741071429,1.743861607142857e-05,0.8807291672565043,0.0044642856477626735,0.7901785714285714,0.004464285714285714,0.4732142857142857
dense,dense/muon-lr1e-3/checkpoint-782,muon-descent-1e-03,muon,descent,0.001,224,0.6218191094711594,0.005705589719842205,0.6703055245535714,-0.0007149832589285714,0.6384102957589286,-0.0007149832589285714,0.031895228794642856,0.0,0.8729166671899813,-0.003348214418760368,0.7767857142857143,-0.008928571428571428,0.4642857142857143
dense,dense/muon-lr1e-3/checkpoint-782,muon-sign-reversal-1e-03,muon,sign_reversal,0.001,224,0.6273789949947448,0.011265475243427707,0.6716831752232143,0.0006626674107142857,0.6405378069196429,0.0014125279017857143,0.031145368303571428,-0.0007498604910714286,0.873139881595437,-0.003125000013304608,0.7767857142857143,-0.008928571428571428,0.35714285714285715
dense,dense/muon-lr1e-3/checkpoint-782,normuon-descent-1e-04,normuon,descent,0.0001,224,0.6204296484515258,0.004316128700208667,0.6710379464285714,1.743861607142857e-05,0.6392996651785714,0.00017438616071428572,0.03173828125,-0.00015694754464285715,0.8755208339675197,-0.0007440476412219661,0.78125,-0.004464285714285714,0.3392857142857143
dense,dense/muon-lr1e-3/checkpoint-782,normuon-descent-3e-04,normuon,descent,0.0003,224,0.614355815619092,-0.0017577041322251066,0.6712995256696429,0.00027901785714285713,0.6392560686383929,0.00013078962053571428,0.03204345703125,0.00014822823660714285,0.8784970243993614,0.002232142790619816,0.7857142857142857,0.0,0.39732142857142855
dense,dense/muon-lr1e-3/checkpoint-782,normuon-descent-1e-03,normuon,descent,0.001,224,0.6168466947154749,0.0007331749641577647,0.6706717354910714,-0.00034877232142857144,0.6385846819196429,-0.0005405970982142857,0.03208705357142857,0.00019182477678571428,0.8771577385653343,0.000892856956592628,0.7857142857142857,0.0,0.48660714285714285
dense,dense/muon-lr1e-3/checkpoint-782,normuon-sign-reversal-1e-03,normuon,sign_reversal,0.001,224,0.6236795737485019,0.0075660539971847485,0.6713344029017857,0.0003138950892857143,0.6399623325892857,0.0008370535714285714,0.0313720703125,-0.0005231584821428571,0.8688244053295681,-0.007440476279173579,0.7678571428571429,-0.017857142857142856,0.38392857142857145
dense,dense/muon-lr1e-3/checkpoint-2345,adamw-descent-1e-04,adamw,descent,0.0001,224,0.58468631573617,-0.0021801790997934794,0.6559622628348214,-0.00027901785714285713,0.6202043805803571,-0.00034005301339285713,0.03575788225446429,6.103515625e-05,0.8860969395110649,-0.0003720237208264215,0.8080357142857143,0.0,0.5178571428571429
dense,dense/muon-lr1e-3/checkpoint-2345,adamw-descent-3e-04,adamw,descent,0.0003,224,0.581171026202875,-0.0056954686330884996,0.6554129464285714,-0.0008283342633928571,0.61920166015625,-0.0013427734375,0.03621128627232143,0.0005144391741071429,0.8857249156571925,-0.000744047574698925,0.8080357142857143,0.0,0.5758928571428571
dense,dense/muon-lr1e-3/checkpoint-2345,adamw-descent-1e-03,adamw,descent,0.001,224,0.5699494899645288,-0.016917004871434722,0.6539393833705357,-0.0023018973214285715,0.6169172014508929,-0.003627232142857143,0.037022181919642856,0.0013253348214285715,0.8857249156571925,-0.000744047574698925,0.8080357142857143,0.0,0.65625
dense,dense/muon-lr1e-3/checkpoint-2345,adamw-sign-reversal-1e-03,adamw,sign_reversal,0.001,224,0.6175667413143466,0.030700246478383115,0.6595197405133929,0.0032784598214285715,0.6260463169642857,0.005501883370535714,0.033473423549107144,-0.002223423549107143,0.8749362253583968,-0.011532737873494625,0.7901785714285714,-0.017857142857142856,0.24107142857142858
dense,dense/muon-lr1e-3/checkpoint-2345,muon-descent-1e-04,muon,descent,0.0001,224,0.5874609088711752,0.0005944140352117497,0.6560756138392857,-0.00016566685267857144,0.6203090122767857,-0.00023542131696428572,0.0357666015625,6.975446428571428e-05,0.8860969395110649,-0.0003720237208264215,0.8080357142857143,0.0,0.45535714285714285
dense,dense/muon-lr1e-3/checkpoint-2345,muon-descent-3e-04,muon,descent,0.0003,224,0.5852865276510784,-0.0015799671848851307,0.6554914202008929,-0.0007498604910714286,0.6197073800223214,-0.0008370535714285714,0.03578404017857143,8.719308035714286e-05,0.8831207490792232,-0.0033482141526682036,0.8035714285714286,-0.004464285714285714,0.5357142857142857
dense,dense/muon-lr1e-3/checkpoint-2345,muon-descent-1e-03,muon,descent,0.001,224,0.5785693344775739,-0.008297160358389582,0.6547415597098214,-0.0014997209821428572,0.6185564313616071,-0.001988002232142857,0.03618512834821429,0.00048828125,0.8909332489461771,0.004464285714285714,0.8169642857142857,0.008928571428571428,0.6205357142857143
dense,dense/muon-lr1e-3/checkpoint-2345,muon-sign-reversal-1e-03,muon,sign_reversal,0.001,224,0.6021572113824212,0.015290716546457719,0.6586390904017857,0.0023978097098214285,0.6239449637276786,0.0034005301339285715,0.034694126674107144,-0.0010027204241071428,0.8771683680824935,-0.00930059514939785,0.7901785714285714,-0.017857142857142856,0.28125
dense,dense/muon-lr1e-3/checkpoint-2345,normuon-descent-1e-04,normuon,descent,0.0001,224,0.5827437095766592,-0.004122785259304302,0.6561104910714286,-0.00013078962053571428,0.6204310825892857,-0.00011335100446428572,0.035679408482142856,-1.743861607142857e-05,0.8868409870857639,0.00037202385387250355,0.8080357142857143,0.0,0.4419642857142857
dense,dense/muon-lr1e-3/checkpoint-2345,normuon-descent-3e-04,normuon,descent,0.0003,224,0.5873346433318147,0.0004681484958512426,0.6557878766741071,-0.00045340401785714287,0.6200997488839286,-0.00044468470982142856,0.03568812779017857,-8.719308035714285e-06,0.8838647966539221,-0.0026041665779692785,0.8035714285714286,-0.004464285714285714,0.4955357142857143
dense,dense/muon-lr1e-3/checkpoint-2345,normuon-descent-1e-03,normuon,descent,0.001,224,0.5792461881921034,-0.007620306643860074,0.6549421037946429,-0.0012991768973214285,0.61871337890625,-0.0018310546875,0.036228724888392856,0.0005318777901785714,0.8879570585143354,0.0014880952824439322,0.8125,0.004464285714285714,0.6071428571428571
dense,dense/muon-lr1e-3/checkpoint-2345,normuon-sign-reversal-1e-03,normuon,sign_reversal,0.001,224,0.5996045025692313,0.012738007733267815,0.6578543526785714,0.0016130719866071428,0.6230032784598214,0.0024588448660714285,0.03485107421875,-0.0008457728794642857,0.8771683682155397,-0.009300595016351767,0.7946428571428571,-0.013392857142857142,0.29910714285714285
dense,dense/muon-lr1e-3/checkpoint-3907,adamw-descent-1e-04,adamw,descent,0.0001,224,0.5814021895306983,0.000583376076454962,0.6541224888392857,-0.00028773716517857144,0.6169259207589286,-0.0004185267857142857,0.037196568080357144,0.00013078962053571428,0.8831845245191029,-0.000744047574698925,0.7991071428571429,0.0,0.59375
dense,dense/muon-lr1e-3/checkpoint-3907,adamw-descent-3e-04,adamw,descent,0.0003,224,0.5742286532336688,-0.006590160220574555,0.6534249441964286,-0.0009852818080357143,0.6160191127232143,-0.0013253348214285715,0.03740583147321429,0.00034005301339285713,0.8828125006652304,-0.0011160714285714285,0.7946428571428571,-0.004464285714285714,0.5982142857142857
dense,dense/muon-lr1e-3/checkpoint-3907,adamw-descent-1e-03,adamw,descent,0.001,224,0.5775469275888879,-0.003271885865355476,0.651123046875,-0.0032871791294642855,0.6133510044642857,-0.003993443080357143,0.03777204241071429,0.0007062639508928571,0.8750000006652304,-0.008928571428571428,0.7857142857142857,-0.013392857142857142,0.6116071428571429
dense,dense/muon-lr1e-3/checkpoint-3907,adamw-sign-reversal-1e-03,adamw,sign_reversal,0.001,224,0.5892979219011717,0.008479108446928356,0.6588570731026786,0.004446847098214286,0.6232474190848214,0.005902971540178571,0.035609654017857144,-0.0014561244419642857,0.8850446435223732,0.0011160714285714285,0.7991071428571429,0.0,0.3392857142857143
dense,dense/muon-lr1e-3/checkpoint-3907,muon-descent-1e-04,muon,descent,0.0001,224,0.5786056412359487,-0.002213172218294598,0.6541573660714286,-0.0002528599330357143,0.6169782366071429,-0.0003662109375,0.03717912946428571,0.00011335100446428572,0.8753720245191029,-0.008556547574698925,0.78125,-0.017857142857142856,0.5803571428571429
dense,dense/muon-lr1e-3/checkpoint-3907,muon-descent-3e-04,muon,descent,0.0003,224,0.5809277866979495,0.00010897324370619441,0.6529366629464286,-0.0014735630580357143,0.6159406389508929,-0.00140380859375,0.03699602399553571,-6.975446428571428e-05,0.8794642863795161,-0.004464285714285714,0.7901785714285714,-0.008928571428571428,0.5491071428571429
dense,dense/muon-lr1e-3/checkpoint-3907,muon-descent-1e-03,muon,descent,0.001,224,0.5733511546068257,-0.007467658847417624,0.6513584681919643,-0.0030517578125,0.61358642578125,-0.003758021763392857,0.03777204241071429,0.0007062639508928571,0.8809523816619601,-0.002976190431841782,0.7946428571428571,-0.004464285714285714,0.625
dense,dense/muon-lr1e-3/checkpoint-3907,muon-sign-reversal-1e-03,muon,sign_reversal,0.001,224,0.5774695363384775,-0.003349277115765809,0.6586129324776786,0.004202706473214286,0.6221662248883929,0.00482177734375,0.03644670758928571,-0.0006190708705357143,0.8880208340872612,0.004092261993459293,0.8080357142857143,0.008928571428571428,0.4107142857142857
dense,dense/muon-lr1e-3/checkpoint-3907,normuon-descent-1e-04,normuon,descent,0.0001,224,0.5856593178424581,0.004840504388214738,0.6540091378348214,-0.00040108816964285713,0.6170131138392857,-0.00033133370535714287,0.03699602399553571,-6.975446428571428e-05,0.8818452388181218,-0.002083333275680031,0.7946428571428571,-0.004464285714285714,0.5178571428571429
dense,dense/muon-lr1e-3/checkpoint-3907,normuon-descent-3e-04,normuon,descent,0.0003,224,0.579550844489339,-0.0012679689649043471,0.6533115931919643,-0.0010986328125,0.6161673409598214,-0.0011771065848214285,0.037144252232142856,7.847377232142858e-05,0.8798363102333886,-0.004092261860413211,0.7901785714285714,-0.008928571428571428,0.5848214285714286
dense,dense/muon-lr1e-3/checkpoint-3907,normuon-descent-1e-03,normuon,descent,0.001,224,0.5751056833909648,-0.005713130063278575,0.6517246791294643,-0.002685546875,0.6139439174107143,-0.0034005301339285715,0.03778076171875,0.0007149832589285714,0.874627976811358,-0.009300595282443933,0.78125,-0.017857142857142856,0.6205357142857143
dense,dense/muon-lr1e-3/checkpoint-3907,normuon-sign-reversal-1e-03,normuon,sign_reversal,0.001,224,0.5834511125610463,0.0026322991068030077,0.6572440011160714,0.002833775111607143,0.6207798549107143,0.0034354073660714285,0.036464146205357144,-0.0006016322544642857,0.8820684530905315,-0.0018601190032703535,0.7946428571428571,-0.004464285714285714,0.38392857142857145
dense,dense/normuon-lr1e-3/checkpoint-782,adamw-descent-1e-04,adamw,descent,0.0001,224,0.6333490933531201,-0.002552363688794555,0.6611328125,0.00013950892857142856,0.6288800920758929,3.487723214285714e-05,0.032252720424107144,0.00010463169642857142,0.8613095244259706,0.003125000013304608,0.7589285714285714,0.008928571428571428,0.42857142857142855
dense,dense/normuon-lr1e-3/checkpoint-782,adamw-descent-3e-04,adamw,descent,0.0003,224,0.6291233509351254,-0.006778106106789242,0.6616385323660714,0.0006452287946428571,0.6291591099330357,0.0003138950892857143,0.03247942243303571,0.00033133370535714287,0.85967261969511,0.0014880952824439322,0.7544642857142857,0.004464285714285714,0.53125
dense,dense/normuon-lr1e-3/checkpoint-782,adamw-descent-1e-03,adamw,descent,0.001,224,0.6193096528664422,-0.016591804175472395,0.6632603236607143,0.0022670200892857145,0.6305106026785714,0.0016653878348214285,0.032749720982142856,0.0006016322544642857,0.870238095854542,0.012053571441876037,0.7767857142857143,0.026785714285714284,0.53125
dense,dense/normuon-lr1e-3/checkpoint-782,adamw-sign-reversal-1e-03,adamw,sign_reversal,0.001,224,0.6601905173722896,0.024289060330374923,0.6603131975446429,-0.0006801060267857143,0.629150390625,0.00030517578125,0.031162806919642856,-0.0009852818080357143,0.8472470245324075,-0.010937499880258526,0.7276785714285714,-0.022321428571428572,0.42857142857142855
dense,dense/normuon-lr1e-3/checkpoint-782,muon-descent-1e-04,muon,descent,0.0001,224,0.629739171822491,-0.006162285219423731,0.6613246372767857,0.00033133370535714287,0.6289149693080357,6.975446428571428e-05,0.03240966796875,0.00026157924107142856,0.8633928577016506,0.005208333288984639,0.7589285714285714,0.008928571428571428,0.39732142857142855
dense,dense/normuon-lr1e-3/checkpoint-782,muon-descent-3e-04,muon,descent,0.0003,224,0.6339501599270859,-0.001951297114828776,0.6610630580357143,6.975446428571428e-05,0.6287841796875,-6.103515625e-05,0.03227887834821429,0.00013078962053571428,0.8627976195753685,0.0046130951627024585,0.7633928571428571,0.013392857142857142,0.4732142857142857
dense,dense/normuon-lr1e-3/checkpoint-782,muon-descent-1e-03,muon,descent,0.001,224,0.6254726376620445,-0.01042881937987009,0.6610979352678571,0.00010463169642857142,0.6285836356026786,-0.00026157924107142856,0.03251429966517857,0.0003662109375,0.8615327386983803,0.0033482142857142855,0.7589285714285714,0.008928571428571428,0.5223214285714286
dense,dense/normuon-lr1e-3/checkpoint-782,muon-sign-reversal-1e-03,muon,sign_reversal,0.001,224,0.6418281181141927,0.005926661072278096,0.6618129185267857,0.0008196149553571429,0.6299787248883929,0.0011335100446428572,0.031834193638392856,-0.0003138950892857143,0.855431548319757,-0.0027529760929090635,0.7455357142857143,-0.004464285714285714,0.41964285714285715
dense,dense/normuon-lr1e-3/checkpoint-782,normuon-descent-1e-04,normuon,descent,0.0001,224,0.631801672117425,-0.00409978492448967,0.6611502511160714,0.00015694754464285715,0.6288277762276786,-1.743861607142857e-05,0.032322474888392856,0.00017438616071428572,0.8599383509717882,0.0017538265591221197,0.7544642857142857,0.004464285714285714,0.42857142857142855
dense,dense/normuon-lr1e-3/checkpoint-782,normuon-descent-3e-04,normuon,descent,0.0003,224,0.6354886963289184,-0.00041276071299632477,0.6610281808035714,3.487723214285714e-05,0.6288190569196429,-2.6157924107142856e-05,0.03220912388392857,6.103515625e-05,0.8596726195620639,0.00148809514939785,0.7544642857142857,0.004464285714285714,0.47767857142857145
dense,dense/normuon-lr1e-3/checkpoint-782,normuon-descent-1e-03,normuon,descent,0.001,224,0.6268081686455064,-0.009093288396408232,0.6612723214285714,0.00027901785714285713,0.6288800920758929,3.487723214285714e-05,0.03239222935267857,0.000244140625,0.8706101195753685,0.012425595162702458,0.7767857142857143,0.026785714285714284,0.5178571428571429
dense,dense/normuon-lr1e-3/checkpoint-782,normuon-sign-reversal-1e-03,normuon,sign_reversal,0.001,224,0.6433954548824009,0.007493997840486243,0.6616036551339286,0.0006103515625,0.6300223214285714,0.0011771065848214285,0.031581333705357144,-0.0005667550223214286,0.8565476197483284,-0.001636904664337635,0.75,0.0,0.4330357142857143
dense,dense/normuon-lr1e-3/checkpoint-2345,adamw-descent-1e-04,adamw,descent,0.0001,224,0.5828724632457514,0.0001515466801720322,0.651123046875,-0.00021798270089285715,0.6152779715401786,-0.00045340401785714287,0.03584507533482143,0.00023542131696428572,0.8866921775043011,0.0011160712955253465,0.8035714285714286,0.0,0.46875
dense,dense/normuon-lr1e-3/checkpoint-2345,adamw-descent-3e-04,adamw,descent,0.0003,224,0.5781646509255681,-0.004556265640011199,0.6505475725446429,-0.00079345703125,0.6144845145089286,-0.0012468610491071428,0.03606305803571429,0.00045340401785714287,0.8837159870724592,-0.0018601191363164357,0.7991071428571429,-0.004464285714285714,0.5848214285714286
dense,dense/normuon-lr1e-3/checkpoint-2345,adamw-descent-1e-03,adamw,descent,0.001,224,0.5576705034595112,-0.025050413106068196,0.6498151506696429,-0.00152587890625,0.6122523716517857,-0.00347900390625,0.037562779017857144,0.001953125,0.8941326536504286,0.008556547441652842,0.8169642857142857,0.013392857142857142,0.6964285714285714
dense,dense/normuon-lr1e-3/checkpoint-2345,adamw-sign-reversal-1e-03,adamw,sign_reversal,0.001,224,0.6096097672598262,0.026888850694246815,0.6535993303571429,0.00225830078125,0.6200212751116071,0.004289899553571429,0.03357805524553571,-0.0020315987723214285,0.8785076539165207,-0.007068452292254993,0.7946428571428571,-0.008928571428571428,0.22767857142857142
dense,dense/normuon-lr1e-3/checkpoint-2345,muon-descent-1e-04,muon,descent,0.0001,224,0.580185012191058,-0.002535904374521384,0.6512974330357143,-4.359654017857143e-05,0.6155133928571429,-0.00021798270089285715,0.03578404017857143,0.00017438616071428572,0.8863201537834746,0.000744047574698925,0.8035714285714286,0.0,0.53125
dense,dense/normuon-lr1e-3/checkpoint-2345,muon-descent-3e-04,muon,descent,0.0003,224,0.5808676749100934,-0.0018532416554860123,0.6507045200892857,-0.0006365094866071429,0.6148507254464286,-0.0008806501116071429,0.035853794642857144,0.000244140625,0.8870642014912197,0.0014880952824439322,0.8080357142857143,0.004464285714285714,0.5758928571428571
dense,dense/normuon-lr1e-3/checkpoint-2345,muon-descent-1e-03,muon,descent,0.001,224,0.569237396833809,-0.013483519731770295,0.6505388532366071,-0.0008021763392857143,0.6139962332589286,-0.0017351422991071428,0.03654261997767857,0.0009329659598214286,0.8907844394977603,0.005208333288984639,0.8125,0.008928571428571428,0.6294642857142857
dense,dense/normuon-lr1e-3/checkpoint-2345,muon-sign-reversal-1e-03,muon,sign_reversal,0.001,224,0.5949039435477711,0.012183026982191742,0.6524396623883929,0.0010986328125,0.6176845005580357,0.001953125,0.034755161830357144,-0.0008544921875,0.8833439632185868,-0.0022321429901889394,0.7991071428571429,-0.004464285714285714,0.3392857142857143
dense,dense/normuon-lr1e-3/checkpoint-2345,normuon-descent-1e-04,normuon,descent,0.0001,224,0.5829615046089073,0.00024058804332785906,0.6511143275669643,-0.00022670200892857144,0.6154000418526786,-0.00033133370535714287,0.03571428571428571,0.00010463169642857142,0.8844600347802043,-0.0011160714285714285,0.8035714285714286,0.0,0.47767857142857145
dense,dense/normuon-lr1e-3/checkpoint-2345,normuon-descent-3e-04,normuon,descent,0.0003,224,0.5814958215083347,-0.0012250950572446787,0.6508701869419643,-0.00047084263392857144,0.6150948660714286,-0.0006365094866071429,0.03577532087053571,0.00016566685267857144,0.8863201537834746,0.000744047574698925,0.8035714285714286,0.0,0.5535714285714286
dense,dense/normuon-lr1e-3/checkpoint-2345,normuon-descent-1e-03,normuon,descent,0.001,224,0.5691524954651997,-0.013568421100379575,0.6503993443080357,-0.0009416852678571429,0.6139613560267857,-0.00177001953125,0.03643798828125,0.0008283342633928571,0.8885522966406175,0.002976190431841782,0.8080357142857143,0.004464285714285714,0.6071428571428571
dense,dense/normuon-lr1e-3/checkpoint-2345,normuon-sign-reversal-1e-03,normuon,sign_reversal,0.001,224,0.58909562383412,0.006374707268540598,0.6523786272321429,0.00103759765625,0.6173793247767857,0.00164794921875,0.034999302455357144,-0.0006103515625,0.8829719394977603,-0.0026041667110153605,0.7991071428571429,-0.004464285714285714,0.3482142857142857
dense,dense/normuon-lr1e-3/checkpoint-3907,adamw-descent-1e-04,adamw,descent,0.0001,224,0.5599536385239584,-0.002588281704187726,0.6537388392857143,-0.00021798270089285715,0.6162894112723214,-0.0004970005580357143,0.037449428013392856,0.00027901785714285713,0.8822172625389483,-0.002976190431841782,0.7946428571428571,-0.004464285714285714,0.5982142857142857
dense,dense/normuon-lr1e-3/checkpoint-3907,adamw-descent-3e-04,adamw,descent,0.0003,224,0.5621424779900346,-0.00039944223811159773,0.6529105050223214,-0.0010463169642857143,0.6155046735491071,-0.00128173828125,0.03740583147321429,0.00023542131696428572,0.8848214291169175,-0.00037202385387250355,0.7946428571428571,-0.004464285714285714,0.6026785714285714
dense,dense/normuon-lr1e-3/checkpoint-3907,adamw-descent-1e-03,adamw,descent,0.001,224,0.5563774426859059,-0.006164477542240222,0.6510707310267857,-0.0028860909598214285,0.6125749860491071,-0.00421142578125,0.03849574497767857,0.0013253348214285715,0.8918898815422186,0.006696428571428571,0.8125,0.013392857142857142,0.6294642857142857
dense,dense/normuon-lr1e-3/checkpoint-3907,adamw-sign-reversal-1e-03,adamw,sign_reversal,0.001,224,0.5670262616910934,0.004484341462947279,0.6581682477678571,0.00421142578125,0.6223667689732143,0.005580357142857143,0.035801478794642856,-0.0013689313616071428,0.8874255958279329,0.002232142857142857,0.8035714285714286,0.004464285714285714,0.32589285714285715
dense,dense/normuon-lr1e-3/checkpoint-3907,muon-descent-1e-04,muon,descent,0.0001,224,0.5601848083962457,-0.002357111831900381,0.6538521902901786,-0.00010463169642857142,0.6164202008928571,-0.0003662109375,0.03743198939732143,0.00026157924107142856,0.8859375005454889,0.000744047574698925,0.7991071428571429,0.0,0.5491071428571429
dense,dense/normuon-lr1e-3/checkpoint-3907,muon-descent-3e-04,muon,descent,0.0003,224,0.561861300945176,-0.0006806192829701883,0.6535470145089286,-0.00040980747767857144,0.6160714285714286,-0.0007149832589285714,0.0374755859375,0.00030517578125,0.8851934531038361,1.330460820879255e-10,0.8035714285714286,0.004464285714285714,0.5491071428571429
dense,dense/normuon-lr1e-3/checkpoint-3907,muon-descent-1e-03,muon,descent,0.001,224,0.558630348409549,-0.0039115718185972325,0.651611328125,-0.002345493861607143,0.6136648995535714,-0.0031215122767857145,0.03794642857142857,0.0007760184151785714,0.8892857148312032,0.004092261860413211,0.8035714285714286,0.004464285714285714,0.6205357142857143
dense,dense/normuon-lr1e-3/checkpoint-3907,muon-sign-reversal-1e-03,muon,sign_reversal,0.001,224,0.5660245253794918,0.003482605151345654,0.6575230189732143,0.003566196986607143,0.6211460658482143,0.004359654017857143,0.036376953125,-0.00079345703125,0.8842261909906354,-0.0009672619801546846,0.7946428571428571,-0.004464285714285714,0.35267857142857145
dense,dense/normuon-lr1e-3/checkpoint-3907,normuon-descent-1e-04,normuon,descent,0.0001,224,0.5572705180230904,-0.005271402205055763,0.6539132254464286,-4.359654017857143e-05,0.6165771484375,-0.00020926339285714285,0.03733607700892857,0.00016566685267857144,0.8859375005454889,0.000744047574698925,0.7991071428571429,0.0,0.4955357142857143
dense,dense/normuon-lr1e-3/checkpoint-3907,normuon-descent-3e-04,normuon,descent,0.0003,224,0.5624784611276742,-6.345910047197581e-05,0.6533639090401786,-0.0005929129464285714,0.615966796875,-0.0008196149553571429,0.03739711216517857,0.00022670200892857144,0.8839285720938018,-0.0012648808769881725,0.7946428571428571,-0.004464285714285714,0.5669642857142857
dense,dense/normuon-lr1e-3/checkpoint-3907,normuon-descent-1e-03,normuon,descent,0.001,224,0.5586965198290272,-0.0038454003991189112,0.6518990652901786,-0.0020577566964285715,0.6141095842633929,-0.0026768275669642855,0.03778948102678571,0.0006190708705357143,0.8866815481201878,0.00148809514939785,0.7991071428571429,0.0,0.6428571428571429
dense,dense/normuon-lr1e-3/checkpoint-3907,normuon-sign-reversal-1e-03,normuon,sign_reversal,0.001,224,0.5612029157837242,-0.0013390044444219842,0.6571393694196429,0.0031825474330357145,0.6203700474330357,0.0035836356026785715,0.036769321986607144,-0.00040108816964285713,0.8892857148312032,0.004092261860413211,0.8035714285714286,0.004464285714285714,0.4017857142857143
late,late/pretrained,adamw-descent-1e-04,adamw,descent,0.0001,224,0.867148453332306,0.0032229090145798572,0.9156646781734058,-3.4866322364125934e-05,0.8966795410960913,-3.58330351965768e-05,0.01898513707731451,9.667128324508667e-07,0.9052986821957997,-0.00021258502134255,0.8526785714285714,0.0,0.24553571428571427
late,late/pretrained,adamw-descent-3e-04,adamw,descent,0.0003,224,0.8649612946571281,0.001035750339402064,0.9155814301754747,-0.00011811432029519762,0.8965863896799939,-0.0001289844512939453,0.01899504049548081,1.087013099874769e-05,0.905404974706471,-0.000106292510671275,0.8526785714285714,0.0,0.24553571428571427
late,late/pretrained,adamw-descent-1e-03,adamw,descent,0.001,224,0.8606605741574368,-0.0032649701602892123,0.9153181354382208,-0.0003814090575490679,0.8962796136204686,-0.0004357605108192989,0.019038521817752292,5.4351453270230975e-05,0.9055909866334072,7.971941626497678e-05,0.8526785714285714,0.0,0.24553571428571427
late,late/pretrained,adamw-sign-reversal-1e-03,adamw,sign_reversal,0.001,224,0.8680131808899113,0.00408763657218517,0.9160735633756433,0.00037401887987341197,0.8971618520362037,0.00044647790491580963,0.018911711339439665,-7.245902504239763e-05,0.9076105444692075,0.002099277252065284,0.8571428571428571,0.004464285714285714,0.25892857142857145
late,late/pretrained,muon-descent-1e-04,muon,descent,0.0001,224,0.8650999171189347,0.0011743728012087054,0.915676314117653,-2.3230378116880145e-05,0.8966878849480834,-2.748918320451464e-05,0.018988429169569696,4.2588050876344956e-06,0.9054846941227359,-2.657309440629823e-05,0.8526785714285714,0.0,0.24553571428571427
late,late/pretrained,muon-descent-3e-04,muon,descent,0.0003,224,0.8651787957421913,0.0012532514244651643,0.9156325824026551,-6.69620931148529e-05,0.8966273798474244,-8.799428386347634e-05,0.019005202555230687,2.103219074862344e-05,0.905404974706471,-0.000106292510671275,0.8526785714285714,0.0,0.23214285714285715
late,late/pretrained,muon-descent-1e-03,muon,descent,0.001,224,0.8671954499457455,0.0032699056280194633,0.9154646050717149,-0.00023493942405496324,0.8964236054037299,-0.00029176872755799977,0.019040999667985097,5.68293035030365e-05,0.9031728318493281,-0.0023384353678141323,0.8482142857142857,-0.004464285714285714,0.24553571428571427
late,late/pretrained,muon-sign-reversal-1e-03,muon,sign_reversal,0.001,224,0.8684481463826373,0.0045226020649112375,0.9158884180443627,0.00018887354859283993,0.8969544039240905,0.00023902979280267443,0.01893401412027223,-5.015624420983451e-05,0.9076105444692075,0.002099277252065284,0.8571428571428571,0.004464285714285714,0.24553571428571427
late,late/pretrained,normuon-descent-1e-04,normuon,descent,0.0001,224,0.8647779364279421,0.0008523921102159589,0.9156878257968596,-1.1718698910304478e-05,0.8966958091727325,-1.9564958555357797e-05,0.018992016624127115,7.846259645053319e-06,0.9055909866334072,7.971941626497678e-05,0.8526785714285714,0.0,0.23214285714285715
late,late/pretrained,normuon-descent-3e-04,normuon,descent,0.0003,224,0.8678044040688685,0.0038788597511424223,0.9156358268644128,-6.371763135705675e-05,0.8966427841889006,-7.258994238717216e-05,0.01899304267551218,8.8723110301154e-06,0.905660076732082,0.000148809514939785,0.8526785714285714,0.0,0.23214285714285715
late,late/pretrained,normuon-descent-1e-03,normuon,descent,0.001,224,0.8670946067908589,0.003169062473132835,0.9154949260077306,-0.0002046184880392892,0.8964701143226453,-0.0002452598086425236,0.019024811685085297,4.064132060323443e-05,0.9054846941227359,-2.657309440629823e-05,0.8526785714285714,0.0,0.22321428571428573
late,late/pretrained,normuon-sign-reversal-1e-03,normuon,sign_reversal,0.001,224,0.8659393923922053,0.0020138480744792886,0.9158462139644793,0.00014666946870940073,0.896891923887389,0.00017654975610119955,0.018954290077090263,-2.9880287391798837e-05,0.9097629679100854,0.004251700692943164,0.8616071428571429,0.008928571428571428,0.21428571428571427
late,late/adamw-lr1e-5/checkpoint-782,adamw-descent-1e-04,adamw,descent,0.0001,224,0.621178562017661,-0.003233097107828994,0.9466423804738692,-0.0002845254327569689,0.9332518601523978,-0.00034446242664541515,0.01339052032147135,5.9936993888446265e-05,0.9094600342214108,0.0024553571295525345,0.8616071428571429,0.004464285714285714,0.35267857142857145
late,late/adamw-lr1e-5/checkpoint-782,adamw-descent-3e-04,adamw,descent,0.0003,224,0.6259193319795701,0.001507672854080187,0.9460677770631654,-0.0008591288434607643,0.9325802020196404,-0.0010161205594028746,0.013487575043525015,0.00015699171594211033,0.9092368199490011,0.002232142857142857,0.8616071428571429,0.004464285714285714,0.40625
late,late/adamw-lr1e-5/checkpoint-782,adamw-descent-1e-03,adamw,descent,0.001,224,0.6377904038520639,0.013378744726574012,0.9439954486276422,-0.0029314572789839338,0.9301634683672871,-0.003432854211756161,0.013831980260355132,0.0005013969327722277,0.9139243199356964,0.0069196428438382486,0.8660714285714286,0.008928571428571428,0.42857142857142855
late,late/adamw-lr1e-5/checkpoint-782,adamw-sign-reversal-1e-03,adamw,sign_reversal,0.001,224,0.6112300885929695,-0.013181570532520384,0.9497058535260814,0.0027789476194552015,0.936890436070306,0.0032941134912627085,0.012815417455775397,-0.0005151658718075071,0.9061118199356964,-0.0008928571561617511,0.8571428571428571,0.0,0.15178571428571427
late,late/adamw-lr1e-5/checkpoint-782,muon-descent-1e-04,muon,descent,0.0001,224,0.6227022383234201,-0.0017094208020698165,0.9467818524156298,-0.00014505349099636078,0.9334242391799178,-0.0001720833991255079,0.013357613235712051,2.7029908129147122e-05,0.9068558676434415,-0.00014880944841674397,0.8571428571428571,0.0,0.29017857142857145
late,late/adamw-lr1e-5/checkpoint-782,muon-descent-3e-04,muon,descent,0.0003,224,0.6219910740557211,-0.0024205850697688485,0.9465056899935007,-0.00042121591312544685,0.9330977922571557,-0.0004985303218875613,0.013407897736345018,7.731440876211439e-05,0.9070046770918582,0.0,0.8571428571428571,0.0,0.35714285714285715
late,late/adamw-lr1e-5/checkpoint-782,muon-descent-1e-03,muon,descent,0.001,224,0.6299881064237324,0.0055764472982424386,0.9454758856445551,-0.0014510202620710646,0.9318988586642912,-0.0016974639147520065,0.013577026980263847,0.000246443652680942,0.9131802723609975,0.0061755952691393235,0.8660714285714286,0.008928571428571428,0.4419642857142857
late,late/adamw-lr1e-5/checkpoint-782,muon-sign-reversal-1e-03,muon,sign_reversal,0.001,224,0.6178772047947252,-0.006534454330764795,0.9483612158468792,0.0014343099402529852,0.9352819355470794,0.0016856129680361067,0.013079280299799783,-0.0002513030277831214,0.9090880105005843,0.002083333408726113,0.8616071428571429,0.004464285714285714,0.16517857142857142
late,late/adamw-lr1e-5/checkpoint-782,normuon-descent-1e-04,normuon,descent,0.0001,224,0.6225844430642838,-0.0018272160612060606,0.9467984743948493,-0.0001284315117767879,0.933444967759507,-0.0001513548195362091,0.013353506635342325,2.2923307759421213e-05,0.9094600342214108,0.0024553571295525345,0.8616071428571429,0.004464285714285714,0.33482142857142855
late,late/adamw-lr1e-5/checkpoint-782,normuon-descent-3e-04,normuon,descent,0.0003,224,0.6224588683123989,-0.0019527908130909655,0.9465621786990336,-0.00036472720759255547,0.9331652969121933,-0.0004310256668499538,0.013396881786840302,6.629845925739833e-05,0.9070046770918582,0.0,0.8571428571428571,0.0,0.35714285714285715
late,late/adamw-lr1e-5/checkpoint-782,normuon-descent-1e-03,normuon,descent,0.001,224,0.6278271237506228,0.003415464625132853,0.9456621299364737,-0.0012647759701524461,0.93211576502238,-0.0014805575566632406,0.013546364914093698,0.0002157815865107945,0.9131802723609975,0.0061755952691393235,0.8660714285714286,0.008928571428571428,0.41517857142857145
late,late/adamw-lr1e-5/checkpoint-782,normuon-sign-reversal-1e-03,normuon,sign_reversal,0.001,224,0.6197584881274134,-0.004653170998076542,0.9481656766895737,0.0012387707829475403,0.9350428522697517,0.001446529690708433,0.013122824419822012,-0.0002077589077608926,0.9084927723743021,0.0014880952824439322,0.8616071428571429,0.004464285714285714,0.1875
late,late/adamw-lr1e-5/checkpoint-2345,adamw-descent-1e-04,adamw,descent,0.0001,224,0.6855158631180605,0.003602734810701978,0.9397590889462403,-0.00037608668208122253,0.9245074367416757,-0.0004384544278894152,0.015251652204564639,6.236774580819266e-05,0.9110544219480029,0.000148809514939785,0.8660714285714286,0.0,0.32142857142857145
late,late/adamw-lr1e-5/checkpoint-2345,adamw-descent-3e-04,adamw,descent,0.0003,224,0.6873261509715766,0.00541302266421817,0.9390232414007187,-0.0011119342276028224,0.9236492019678865,-0.0012966892016785486,0.015374039432832174,0.0001847549740757261,0.9112032314629427,0.00029761902987957,0.8660714285714286,0.0,0.3794642857142857
late,late/adamw-lr1e-5/checkpoint-2345,adamw-descent-1e-03,adamw,descent,0.001,224,0.7011972158328057,0.019284087525447222,0.9363678518150534,-0.0037673238132681164,0.9205603849674974,-0.004385506202067647,0.01580746684755598,0.0006181823887995311,0.9094919220411352,-0.0014136903919279575,0.8616071428571429,-0.004464285714285714,0.4017857142857143
late,late/adamw-lr1e-5/checkpoint-2345,adamw-sign-reversal-1e-03,adamw,sign_reversal,0.001,224,0.667040279172023,-0.014872849135335502,0.9438026510179043,0.00366747538958277,0.9292493215096849,0.0043034303401197705,0.014553329508219446,-0.0006359549505370003,0.9153698981473488,0.004464285714285714,0.875,0.008928571428571428,0.14285714285714285
late,late/adamw-lr1e-5/checkpoint-2345,muon-descent-1e-04,muon,descent,0.0001,224,0.6833652906223344,0.0014521623149759133,0.9399421377373594,-0.00019303789096219198,0.9247239418327808,-0.00022194933678422655,0.015218195904578482,2.8911445822034564e-05,0.9112032314629427,0.00029761902987957,0.8660714285714286,0.0,0.2767857142857143
late,late/adamw-lr1e-5/checkpoint-2345,muon-descent-3e-04,muon,descent,0.0003,224,0.6861944403872507,0.004281312079892257,0.9395834524184465,-0.0005517232098749705,0.9243124398802008,-0.0006334512893642698,0.015271012538245745,8.172807948929923e-05,0.9110544219480029,0.000148809514939785,0.8660714285714286,0.0,0.32589285714285715
late,late/adamw-lr1e-5/checkpoint-2345,muon-descent-1e-03,muon,descent,0.001,224,0.692378802402013,0.010465674094654456,0.9383103176951408,-0.0018248579331806728,0.9228179955056736,-0.0021278956638915198,0.015492322189467294,0.00030303773071084706,0.9110544219480029,0.000148809514939785,0.8660714285714286,0.0,0.375
late,late/adamw-lr1e-5/checkpoint-2345,muon-sign-reversal-1e-03,muon,sign_reversal,0.001,224,0.6726837099336141,-0.009229418373744278,0.9419380096452576,0.001802834016936166,0.9270547814667225,0.0021088902971574237,0.014883228178535188,-0.0003060562802212579,0.913137755290206,0.002232142857142857,0.8705357142857143,0.004464285714285714,0.16071428571428573
late,late/adamw-lr1e-5/checkpoint-2345,normuon-descent-1e-04,normuon,descent,0.0001,224,0.6840013929586884,0.0020882646513299885,0.9399741544787373,-0.00016102114958422526,0.9247659796050617,-0.00017991156450339725,0.01520817487367562,1.8890414919172015e-05,0.9110544219480029,0.000148809514939785,0.8660714285714286,0.0,0.26339285714285715
late,late/adamw-lr1e-5/checkpoint-2345,normuon-descent-3e-04,normuon,descent,0.0003,224,0.6850770970095411,0.003163968702182559,0.9396520065409797,-0.00048316908734185357,0.9243865590542555,-0.000559332115309579,0.015265447486724173,7.616302796772548e-05,0.9112032314629427,0.00029761902987957,0.8660714285714286,0.0,0.32142857142857145
late,late/adamw-lr1e-5/checkpoint-2345,normuon-descent-1e-03,normuon,descent,0.001,224,0.6905132535712442,0.00860012526388568,0.9385627441640411,-0.001572431464280401,0.923124060300844,-0.0018218308687210083,0.015438683863197054,0.00024939940444060734,0.9108312076755932,-7.44047574698925e-05,0.8660714285714286,0.0,0.3794642857142857
late,late/adamw-lr1e-5/checkpoint-2345,normuon-sign-reversal-1e-03,normuon,sign_reversal,0.001,224,0.6776932587020265,-0.004219869605332065,0.9417054578661919,0.0015702822378703526,0.9267719518393278,0.0018260606697627477,0.014933506026864052,-0.000255778431892395,0.9086734695759203,-0.002232142857142857,0.8616071428571429,-0.004464285714285714,0.15178571428571427
late,late/adamw-lr1e-5/checkpoint-3907,adamw-descent-1e-04,adamw,descent,0.0001,224,0.6925743360301434,-0.0014132900954330857,0.9377429293734687,-0.00039766356348991394,0.9219830179853099,-0.0004801869924579348,0.015759911388158798,8.252342896802085e-05,0.9130633505327361,0.001488095215920891,0.8705357142857143,0.004464285714285714,0.35714285714285715
late,late/adamw-lr1e-5/checkpoint-3907,adamw-descent-3e-04,adamw,descent,0.0003,224,0.6990149536544319,0.005027327528855517,0.9369902993951525,-0.0011502935418060847,0.9211142478244645,-0.0013489571533032826,0.015876051570687975,0.00019866361149719784,0.9130633505327361,0.001488095215920891,0.8705357142857143,0.004464285714285714,0.3392857142857143
late,late/adamw-lr1e-5/checkpoint-3907,adamw-descent-1e-03,adamw,descent,0.001,224,0.7108095311601694,0.016821905034593052,0.934307309399758,-0.003833283537200519,0.9179793327514615,-0.00448387222630637,0.01632797664829663,0.0006505886891058513,0.9117984695892248,0.0002232142724096775,0.8660714285714286,0.0,0.40625
late,late/adamw-lr1e-5/checkpoint-3907,adamw-sign-reversal-1e-03,adamw,sign_reversal,0.001,224,0.6749722422050682,-0.019015383920508087,0.941884226298758,0.003743633361799376,0.9268732337015015,0.0044100287237337655,0.015010992597256387,-0.0006663953619343894,0.9112776362204126,-0.00029761909640261104,0.8660714285714286,0.0,0.13839285714285715
late,late/adamw-lr1e-5/checkpoint-3907,muon-descent-1e-04,muon,descent,0.0001,224,0.6932789046484539,-0.0007087214771226107,0.9379408375493118,-0.00019975538764681135,0.9222213338528361,-0.00024187112493174418,0.01571950369647571,4.211573728493282e-05,0.9134353743866086,0.0018601190697933947,0.8705357142857143,0.004464285714285714,0.32142857142857145
late,late/adamw-lr1e-5/checkpoint-3907,muon-descent-3e-04,muon,descent,0.0003,224,0.6954814216969881,0.0014937955714116363,0.9375810915870326,-0.0005595013499259949,0.921802781522274,-0.0006604234554937907,0.015778310064758574,0.00010092210556779589,0.9130633505327361,0.001488095215920891,0.8705357142857143,0.004464285714285714,0.34375
late,late/adamw-lr1e-5/checkpoint-3907,muon-descent-1e-03,muon,descent,0.001,224,0.7010450627807513,0.007057436655174966,0.9362941863281387,-0.0018464066088199615,0.9203009538884673,-0.002162251089300428,0.015993232439671243,0.0003158444804804666,0.910980017190533,-0.0005952381262821811,0.8660714285714286,0.0,0.35267857142857145
late,late/adamw-lr1e-5/checkpoint-3907,muon-sign-reversal-1e-03,muon,sign_reversal,0.001,224,0.6843775784265499,-0.00961004769902653,0.9399707218898194,0.0018301289528608322,0.9246220045856067,0.002158799607838903,0.015348717304212707,-0.00032867065497807095,0.9112776362204126,-0.00029761909640261104,0.8660714285714286,0.0,0.16964285714285715
late,late/adamw-lr1e-5/checkpoint-3907,normuon-descent-1e-04,normuon,descent,0.0001,224,0.6950383878771985,0.0010507617516221249,0.9379403758794069,-0.00020021705755165646,0.9222336430102587,-0.00022956196750913347,0.015706732869148254,2.9344909957477023e-05,0.9088222790908601,-0.0027529762259551455,0.8616071428571429,-0.004464285714285714,0.25892857142857145
late,late/adamw-lr1e-5/checkpoint-3907,normuon-descent-3e-04,normuon,descent,0.0003,224,0.6967823027735941,0.0027946766480176116,0.9376537233058896,-0.00048686963106904713,0.921889950122152,-0.0005732548556157521,0.015763773183737482,8.638522454670497e-05,0.9132121600476759,0.001636904730860676,0.8705357142857143,0.004464285714285714,0.30357142857142855
late,late/adamw-lr1e-5/checkpoint-3907,normuon-descent-1e-03,normuon,descent,0.001,224,0.7006899044881582,0.006702278362581827,0.9365174381860665,-0.0016231547508920943,0.9205774630286864,-0.001885741949081421,0.015939975157380104,0.0002625871981893267,0.9113520410444055,-0.0002232142724096775,0.8660714285714286,0.0,0.3482142857142857
late,late/adamw-lr1e-5/checkpoint-3907,normuon-sign-reversal-1e-03,normuon,sign_reversal,0.001,224,0.6889871720354972,-0.005000454090079177,0.9397416766732931,0.0016010837363345282,0.9243506390069213,0.001887434029153415,0.01539103766637189,-0.0002863502928188869,0.9110544219480029,-0.0005208333688122886,0.8660714285714286,0.0,0.15625
late,late/muon-lr1e-3/checkpoint-782,adamw-descent-1e-04,adamw,descent,0.0001,224,0.7133183069382871,0.0015011948206771844,0.9434677511453629,-0.00035978108644485474,0.9285186550446919,-0.0004389972559043339,0.014949096100670951,7.92161694594792e-05,0.9090136057431144,-0.000106292510671275,0.8660714285714286,0.0,0.3482142857142857
late,late/muon-lr1e-3/checkpoint-782,adamw-descent-3e-04,adamw,descent,0.0003,224,0.7172068559390841,0.005389743821474153,0.942735091383968,-0.001092440847839628,0.9276404117367097,-0.0013172405638865062,0.015094679647258349,0.00022479971604687826,0.9091198982537857,0.0,0.8660714285714286,0.0,0.36607142857142855
late,late/muon-lr1e-3/checkpoint-782,adamw-descent-1e-03,adamw,descent,0.001,224,0.7293446713890165,0.01752755927140656,0.9400639406272343,-0.003763591604573386,0.9244617247687918,-0.004495927531804357,0.015602215858442443,0.0007323359272309712,0.907482993522925,-0.001636904730860676,0.8616071428571429,-0.004464285714285714,0.41517857142857145
late,late/muon-lr1e-3/checkpoint-782,adamw-sign-reversal-1e-03,adamw,sign_reversal,0.001,224,0.6939333409209583,-0.017883771196651615,0.9474748362387929,0.0036473040069852558,0.9333566672035626,0.004399014902966363,0.014118169035230364,-0.0007517108959811074,0.9091624152580542,4.2517004268510004e-05,0.8660714285714286,0.0,0.12053571428571429
late,late/muon-lr1e-3/checkpoint-782,muon-descent-1e-04,muon,descent,0.0001,224,0.7127671982442972,0.0009500861266874074,0.9436555432954005,-0.00017198893640722548,0.9287507832050323,-0.00020686909556388855,0.014904760090368134,3.488015915666308e-05,0.9091198982537857,0.0,0.8660714285714286,0.0,0.29910714285714285
late,late/muon-lr1e-3/checkpoint-782,muon-descent-3e-04,muon,descent,0.0003,224,0.7156059514495452,0.0037888393319353486,0.9432797759239163,-0.000547756307891437,0.9283048752695322,-0.0006527770310640335,0.014974900654384069,0.00010502072317259652,0.9068877553966429,-0.002232142857142857,0.8616071428571429,-0.004464285714285714,0.3392857142857143
late,late/muon-lr1e-3/checkpoint-782,muon-descent-1e-03,muon,descent,0.001,224,0.7234375057375918,0.011620393619981842,0.9419898297637701,-0.0018377024680376053,0.9267692307808569,-0.002188421519739287,0.015220598982913154,0.00035071905170168193,0.9071109696690526,-0.0020089285847331795,0.8616071428571429,-0.004464285714285714,0.375
late,late/muon-lr1e-3/checkpoint-782,muon-sign-reversal-1e-03,muon,sign_reversal,0.001,224,0.7012896679673071,-0.010527444150302934,0.9456725695303508,0.0018450372985431126,0.9311496822961739,0.002192029995577676,0.014522887234176909,-0.00034699269703456333,0.9092687077687255,0.000148809514939785,0.8660714285714286,0.0,0.125
late,late/muon-lr1e-3/checkpoint-782,normuon-descent-1e-04,normuon,descent,0.0001,224,0.7143454227448301,0.002528310627220254,0.9436805506369897,-0.000146981594817979,0.92878154824887,-0.000176104051726205,0.014899002388119698,2.9122456908226013e-05,0.9068877553966429,-0.002232142857142857,0.8616071428571429,-0.004464285714285714,0.2857142857142857
late,late/muon-lr1e-3/checkpoint-782,normuon-descent-3e-04,normuon,descent,0.0003,224,0.7146338729412262,0.00281676082361626,0.943362250125834,-0.0004652821059737887,0.9284074604511261,-0.0005501918494701385,0.014954789674707822,8.490974349634988e-05,0.9068877553966429,-0.002232142857142857,0.8616071428571429,-0.004464285714285714,0.3169642857142857
late,late/muon-lr1e-3/checkpoint-782,normuon-descent-1e-03,normuon,descent,0.001,224,0.7241083513035856,0.01229123918597568,0.9422118203448397,-0.0016157118869679315,0.9270485096744129,-0.0019091426261833736,0.015163310670426913,0.00029343073921544213,0.9071109696690526,-0.0020089285847331795,0.8616071428571429,-0.004464285714285714,0.36160714285714285
late,late/muon-lr1e-3/checkpoint-782,normuon-sign-reversal-1e-03,normuon,sign_reversal,0.001,224,0.7048101607336708,-0.007006951383939221,0.9454489411520106,0.0016214089202029364,0.9308815066303525,0.001923854329756328,0.01456743452165808,-0.0003024454095533916,0.9113520411109286,0.002232142857142857,0.8705357142857143,0.004464285714285714,0.13839285714285715
late,late/muon-lr1e-3/checkpoint-2345,adamw-descent-1e-04,adamw,descent,0.0001,224,0.7235506283470183,0.0035546195215098004,0.9376437201031617,-0.0005433740360396248,0.9215194982077394,-0.0006359608045646123,0.016124221895422255,9.258676852498735e-05,0.9116868624862816,-0.001636904730860676,0.8660714285714286,-0.004464285714285714,0.28125
late,late/muon-lr1e-3/checkpoint-2345,adamw-descent-3e-04,adamw,descent,0.0003,224,0.73044084668488,0.0104448378593714,0.9365134337650878,-0.0016736603741134917,0.9202057080609458,-0.0019497509513582503,0.016307725704142025,0.0002760905772447586,0.9114636482138719,-0.0018601190032703535,0.8660714285714286,-0.004464285714285714,0.34375
late,late/muon-lr1e-3/checkpoint-2345,adamw-descent-1e-03,adamw,descent,0.001,224,0.7523510518628347,0.032355043037326246,0.9323698202414172,-0.005817273897784097,0.9153860328452927,-0.006769426167011261,0.016983787396124432,0.0009521522692271642,0.9106026788109115,-0.0027210884062307222,0.8616071428571429,-0.008928571428571428,0.38392857142857145
late,late/muon-lr1e-3/checkpoint-2345,adamw-sign-reversal-1e-03,adamw,sign_reversal,0.001,224,0.6938134130618083,-0.026182595763700172,0.9435163409050021,0.005329246765800885,0.9284213164022991,0.00626585738999503,0.015095024502703122,-0.0009366106241941452,0.9110916243599994,-0.002232142857142857,0.8660714285714286,-0.004464285714285714,0.125
late,late/muon-lr1e-3/checkpoint-2345,muon-descent-1e-04,muon,descent,0.0001,224,0.7218919312347705,0.0018959224092619362,0.937901837219085,-0.00028525692011628834,0.9218264525490147,-0.00032900646328926086,0.01607538467007024,4.374954317297254e-05,0.9110916243599994,-0.002232142857142857,0.8660714285714286,-0.004464285714285714,0.2767857142857143
late,late/muon-lr1e-3/checkpoint-2345,muon-descent-3e-04,muon,descent,0.0003,224,0.7265118111194422,0.0065158022939336546,0.9373469557613134,-0.0008401383778878621,0.9211788864008018,-0.0009765726115022386,0.016168069360511645,0.00013643423361437662,0.9110916243599994,-0.002232142857142857,0.8660714285714286,-0.004464285714285714,0.2857142857142857
late,late/muon-lr1e-3/checkpoint-2345,muon-descent-1e-03,muon,descent,0.001,224,0.7354327672258817,0.01543675840037327,0.9353009135063205,-0.002886180632880756,0.9187984330845731,-0.003357025927730969,0.01650248042174748,0.0004708452948502132,0.9126860121531146,-0.00063775506402765,0.8660714285714286,-0.004464285714285714,0.35714285714285715
late,late/muon-lr1e-3/checkpoint-2345,muon-sign-reversal-1e-03,muon,sign_reversal,0.001,224,0.7062015181977976,-0.01379449062771086,0.9409786446818283,0.002791550542627062,0.9254218472966126,0.0032663882843085696,0.01555679738521576,-0.00047483774168150764,0.9104963862337172,-0.002827380983425038,0.8660714285714286,-0.004464285714285714,0.12946428571428573
late,late/muon-lr1e-3/checkpoint-2345,normuon-descent-1e-04,normuon,descent,0.0001,224,0.7199447009590784,-5.1307866430150284e-05,0.9379320684820414,-0.0002550256571599415,0.9218628504978759,-0.00029260851442813873,0.016069217984165465,3.75828572681972e-05,0.9110916243599994,-0.002232142857142857,0.8660714285714286,-0.004464285714285714,0.29910714285714285
late,late/muon-lr1e-3/checkpoint-2345,normuon-descent-3e-04,normuon,descent,0.0003,224,0.7246614734177533,0.004665464592244817,0.9374495068831104,-0.0007375872560909816,0.9213071633130312,-0.000848295699272837,0.016142343570079123,0.00011070844318185533,0.9114636482138719,-0.0018601190032703535,0.8660714285714286,-0.004464285714285714,0.29910714285714285
late,late/muon-lr1e-3/checkpoint-2345,normuon-descent-1e-03,normuon,descent,0.001,224,0.7337377471980641,0.01374173837255561,0.9355868830212525,-0.0026002111179488046,0.9191458172031811,-0.003009641809122903,0.016441065818071365,0.00040943069117409844,0.9124627978141818,-0.0008609694029603686,0.8660714285714286,-0.004464285714285714,0.35714285714285715
late,late/muon-lr1e-3/checkpoint-2345,normuon-sign-reversal-1e-03,normuon,sign_reversal,0.001,224,0.709115437171663,-0.010880571653845468,0.9407179597765207,0.0025308656373194288,0.9251079431601933,0.0029524841478892733,0.015610016616327422,-0.00042161851056984493,0.9097523386590183,-0.003571428558123963,0.8660714285714286,-0.004464285714285714,0.13392857142857142
late,late/muon-lr1e-3/checkpoint-3907,adamw-descent-1e-04,adamw,descent,0.0001,224,0.7347007320152296,0.003181905859731517,0.9351513505514178,-0.0006752663425036839,0.918011878750154,-0.0008047840424946376,0.017139471801263944,0.0001295176999909537,0.9147321431498442,0.0,0.8705357142857143,0.0,0.3169642857142857
late,late/muon-lr1e-3/checkpoint-3907,adamw-descent-3e-04,adamw,descent,0.0003,224,0.74698050427727,0.015461678121771984,0.9337702425462859,-0.0020563743476356778,0.9163879794733865,-0.002428683319262096,0.01738226307289941,0.00037230897162641795,0.9147321431498442,0.0,0.8705357142857143,0.0,0.3482142857142857
late,late/muon-lr1e-3/checkpoint-3907,adamw-descent-1e-03,adamw,descent,0.001,224,0.7781247416826382,0.04660591552714023,0.9286600835621357,-0.007166533331785884,0.9103676889623914,-0.008448973830257143,0.01829239459974425,0.00128244049847126,0.9152529764521334,0.0005208333022892475,0.8705357142857143,0.0,0.36160714285714285
late,late/muon-lr1e-3/checkpoint-3907,adamw-sign-reversal-1e-03,adamw,sign_reversal,0.001,224,0.6904130218284932,-0.04110580432700482,0.9422831133540187,0.0064564964600971764,0.9264912317906108,0.0076745689979621345,0.015791881563408033,-0.0012180725378649576,0.9145833335683814,-0.00014880958146282604,0.8705357142857143,0.0,0.13839285714285715
late,late/muon-lr1e-3/checkpoint-3907,muon-descent-1e-04,muon,descent,0.0001,224,0.7311079250173561,-0.00041090113814184245,0.9354733345764024,-0.00035328231751918793,0.918400539085269,-0.0004161237073796136,0.017072795491133417,6.284138986042567e-05,0.9147321431498442,0.0,0.8705357142857143,0.0,0.26785714285714285
late,late/muon-lr1e-3/checkpoint-3907,muon-descent-3e-04,muon,descent,0.0003,224,0.7392566043564965,0.007737778200998572,0.9347526431083679,-0.0010739737855536596,0.9175561030528375,-0.0012605597398110799,0.017196540055530413,0.00018658595425742014,0.9125000002927014,-0.002232142857142857,0.8660714285714286,-0.004464285714285714,0.30357142857142855
late,late/muon-lr1e-3/checkpoint-3907,muon-descent-1e-03,muon,descent,0.001,224,0.7550375256598516,0.02351869950435367,0.9321953526565007,-0.0036312642374208997,0.9145615835274968,-0.004255079265151705,0.017633769129003798,0.0006238150277308055,0.9147321431498442,0.0,0.8705357142857143,0.0,0.35267857142857145
late,late/muon-lr1e-3/checkpoint-3907,muon-sign-reversal-1e-03,muon,sign_reversal,0.001,224,0.7095059006815566,-0.022012925473941465,0.9392881853772062,0.0034615684832845417,0.9228785524943045,0.004061889701655933,0.0164096328829016,-0.0006003212183713913,0.9121279764388289,-0.0026041667110153605,0.8660714285714286,-0.004464285714285714,0.14285714285714285
late,late/muon-lr1e-3/checkpoint-3907,normuon-descent-1e-04,normuon,descent,0.0001,224,0.7313020979124192,-0.00021672824307878663,0.9355162515171936,-0.00031036537672792165,0.9184489601424762,-0.0003677026501723698,0.01706729137471744,5.73372734444482e-05,0.9147321431498442,0.0,0.8705357142857143,0.0,0.26785714285714285
late,late/muon-lr1e-3/checkpoint-3907,normuon-descent-3e-04,normuon,descent,0.0003,224,0.7375830952879365,0.006064269132438531,0.9348853052194629,-0.00094131167445864,0.9177095943263599,-0.0011070684662887029,0.017175710893103054,0.00016575679183006287,0.9147321431498442,0.0,0.8705357142857143,0.0,0.29017857142857145
late,late/muon-lr1e-3/checkpoint-3907,normuon-descent-1e-03,normuon,descent,0.001,224,0.7530198619245214,0.021501035769023513,0.9326280145240682,-0.0031986023698534283,0.9150686554078545,-0.003748007384794099,0.017559359116213664,0.0005494050149406705,0.9147321431498442,0.0,0.8705357142857143,0.0,0.34375
late,late/muon-lr1e-3/checkpoint-3907,normuon-sign-reversal-1e-03,normuon,sign_reversal,0.001,224,0.7128256216364688,-0.018693204519029245,0.9388997384480068,0.0030731215540851864,0.9224168573107038,0.0036001945180552347,0.016482881137302945,-0.0005270729639700481,0.9121279764388289,-0.0026041667110153605,0.8660714285714286,-0.004464285714285714,0.14285714285714285
late,late/normuon-lr1e-3/checkpoint-782,adamw-descent-1e-04,adamw,descent,0.0001,224,0.6922166152955198,0.0027947541915533947,0.9434927010110447,-0.0003958506775753839,0.9284384200083358,-0.00045315176248550415,0.015054281002708845,5.730108491012028e-05,0.9119579084882778,0.0,0.8705357142857143,0.0,0.23660714285714285
late,late/normuon-lr1e-3/checkpoint-782,adamw-descent-3e-04,adamw,descent,0.0003,224,0.6966219939623846,0.007200132858418045,0.9427025113254786,-0.0011860403631414687,0.9274984073958227,-0.0013931643749986375,0.015204103929655892,0.00020712401185716902,0.9119579084882778,0.0,0.8705357142857143,0.0,0.36607142857142855
late,late/normuon-lr1e-3/checkpoint-782,adamw-descent-1e-03,adamw,descent,0.001,224,0.7068066160971316,0.01738475499316507,0.939920464264495,-0.00396808742412499,0.9241977264838559,-0.00469384528696537,0.015722737780639102,0.00072575786284038,0.9119579084882778,0.0,0.8705357142857143,0.0,0.38839285714285715
late,late/normuon-lr1e-3/checkpoint-782,adamw-sign-reversal-1e-03,adamw,sign_reversal,0.001,224,0.6752771085361883,-0.01414475256777822,0.9477120193519762,0.003823467663356236,0.9334491664277655,0.004557594656944275,0.014262852924210685,-0.0007341269935880389,0.9121067180032176,0.000148809514939785,0.8705357142857143,0.0,0.14732142857142858
late,late/normuon-lr1e-3/checkpoint-782,muon-descent-1e-04,muon,descent,0.0001,224,0.6915204388620545,0.0020985777580880033,0.9436943560306515,-0.00019419565796852112,0.9286669160106352,-0.00022465576018605913,0.01502744002001626,3.0460102217538016e-05,0.9119579084882778,0.0,0.8705357142857143,0.0,0.2767857142857143
late,late/normuon-lr1e-3/checkpoint-782,muon-descent-3e-04,muon,descent,0.0003,224,0.6961574938909834,0.006735632787016848,0.9432792618338551,-0.0006092898547649384,0.9281870065523046,-0.0007045652185167585,0.015092255281550544,9.527536375182015e-05,0.9119579084882778,0.0,0.8705357142857143,0.0,0.3169642857142857
late,late/normuon-lr1e-3/checkpoint-782,muon-descent-1e-03,muon,descent,0.001,224,0.7003940950964493,0.010972233992482927,0.9418819623866251,-0.002006589301994869,0.9265230771686349,-0.002368494602186339,0.015358885217990195,0.00036190530019147057,0.9120642009989491,0.000106292510671275,0.8705357142857143,0.0,0.39285714285714285
late,late/normuon-lr1e-3/checkpoint-782,muon-sign-reversal-1e-03,muon,sign_reversal,0.001,224,0.681502566470563,-0.007919294633403493,0.9458383694291115,0.0019498177404914583,0.9312082068728549,0.002316635102033615,0.014630162556256567,-0.00036681736154215675,0.9122130105138889,0.00025510202561106,0.8705357142857143,0.0,0.15178571428571427
late,late/normuon-lr1e-3/checkpoint-782,normuon-descent-1e-04,normuon,descent,0.0001,224,0.6888615247851911,-0.0005603363187753578,0.9437190517783165,-0.00016949991030352457,0.9287022605006184,-0.0001893112702029092,0.015016791277698107,1.9811359899384634e-05,0.9119579084882778,0.0,0.8705357142857143,0.0,0.2544642857142857
late,late/normuon-lr1e-3/checkpoint-782,normuon-descent-3e-04,normuon,descent,0.0003,224,0.6943451149314033,0.0049232538274368255,0.9433681312948465,-0.0005204203937734876,0.9282915525670562,-0.0006000192037650517,0.015076578727790288,7.959880999156408e-05,0.9119579084882778,0.0,0.8705357142857143,0.0,0.3169642857142857
late,late/normuon-lr1e-3/checkpoint-782,normuon-descent-1e-03,normuon,descent,0.001,224,0.6996675250791002,0.010245663975133728,0.9421227366796562,-0.0017658150089638574,0.9268259246434484,-0.0020656471273728778,0.015296812036207743,0.0002998321184090206,0.9119579084882778,0.0,0.8705357142857143,0.0,0.39732142857142855
late,late/normuon-lr1e-3/checkpoint-782,normuon-sign-reversal-1e-03,normuon,sign_reversal,0.001,224,0.6804090203569559,-0.009012840747010507,0.9455814877791064,0.0016929360904863902,0.9308900386095047,0.001998466838683401,0.014691449169601713,-0.00030553074819701057,0.9119579084882778,0.0,0.8705357142857143,0.0,0.15625
late,late/normuon-lr1e-3/checkpoint-2345,adamw-descent-1e-04,adamw,descent,0.0001,224,0.7180259428740288,0.0012082333425006261,0.9386852436832019,-0.0006404926202126912,0.922413826787046,-0.0007505251892975398,0.016271416896155903,0.00011003256908484868,0.9166347790908601,0.0,0.875,0.0,0.34375
late,late/normuon-lr1e-3/checkpoint-2345,adamw-descent-3e-04,adamw,descent,0.0003,224,0.7248633390047647,0.008045629473236535,0.9373627507260868,-0.0019629855773278643,0.9208678541971105,-0.002296497779233115,0.016494896528976306,0.00033351220190525055,0.9166347790908601,0.0,0.875,0.0,0.40625
late,late/normuon-lr1e-3/checkpoint-2345,adamw-descent-1e-03,adamw,descent,0.001,224,0.7506936486640887,0.03387593913256055,0.9325050879269838,-0.006820648376430784,0.9152341663305249,-0.00793018564581871,0.01727092159645898,0.0011095372693879263,0.9136213861804988,-0.00301339291036129,0.8705357142857143,-0.004464285714285714,0.38392857142857145
late,late/normuon-lr1e-3/checkpoint-2345,adamw-sign-reversal-1e-03,adamw,sign_reversal,0.001,224,0.6844685361387189,-0.03234917339280922,0.945408808067441,0.00608307176402637,0.9303021186164447,0.007137766640101161,0.015106689450996262,-0.001054694876074791,0.9159970240933555,-0.000637754997504609,0.875,0.0,0.13839285714285715
late,late/normuon-lr1e-3/checkpoint-2345,muon-descent-1e-04,muon,descent,0.0001,224,0.7153775040777338,-0.0014402054537943393,0.9390317132430417,-0.00029402306037289757,0.922820503690413,-0.00034384828593049733,0.016211209552628652,4.982522555759975e-05,0.9158907315161612,-0.000744047574698925,0.875,0.0,0.28125
late,late/normuon-lr1e-3/checkpoint-2345,muon-descent-3e-04,muon,descent,0.0003,224,0.7185009637265107,0.001683254194982561,0.9384161289781332,-0.0009096073252814156,0.9220999048224517,-0.001064447153891836,0.016316224155681475,0.00015483982861042023,0.9164487671639238,-0.00018601192693625177,0.875,0.0,0.36607142857142855
late,late/normuon-lr1e-3/checkpoint-2345,muon-descent-1e-03,muon,descent,0.001,224,0.7320276574875717,0.015209947956043563,0.936269748955965,-0.003055987347449575,0.9195912964642048,-0.0035730555121387753,0.016678452491760254,0.0005170681646892003,0.9162255528915141,-0.0004092261993459293,0.875,0.0,0.39732142857142855
late,late/normuon-lr1e-3/checkpoint-2345,muon-sign-reversal-1e-03,muon,sign_reversal,0.001,224,0.7017619071329093,-0.015055802398618858,0.9422172417065927,0.002891505403178079,0.9265581058072192,0.0033937538308756693,0.015659135899373462,-0.0005022484276975904,0.9158482145784157,-0.000786564512444394,0.875,0.0,0.13392857142857142
late,late/normuon-lr1e-3/checkpoint-2345,normuon-descent-1e-04,normuon,descent,0.0001,224,0.717663703197953,0.0008459936664248412,0.9390610653374877,-0.0002646709659269878,0.9228575101920536,-0.000306841784289905,0.016203555145433972,4.217081836291722e-05,0.9155612247330802,-0.0010735543577798776,0.875,0.0,0.2857142857142857
late,late/normuon-lr1e-3/checkpoint-2345,normuon-descent-3e-04,normuon,descent,0.0003,224,0.7167725354948076,-4.5174036720568065e-05,0.9385285718100411,-0.0007971644933734621,0.9222294007028852,-0.0009349512734583446,0.016299171107155935,0.00013778678008488247,0.9157047195892248,-0.0009300595016351768,0.875,0.0,0.36607142857142855
late,late/normuon-lr1e-3/checkpoint-2345,normuon-descent-1e-03,normuon,descent,0.001,224,0.7294417580983457,0.01262404856681749,0.9365724937192031,-0.0027532425842114855,0.9199498870543071,-0.0032144649220364435,0.01662260666489601,0.0004612223378249577,0.9163318454021854,-0.00030293368867465427,0.875,0.0,0.39285714285714285
late,late/normuon-lr1e-3/checkpoint-2345,normuon-sign-reversal-1e-03,normuon,sign_reversal,0.001,224,0.702674324739862,-0.014143384791666103,0.9419458862394094,0.0026201499359948294,0.9262241540210587,0.0030598020447152,0.015721732218350683,-0.0004396521087203707,0.9162627553700337,-0.0003720237208264215,0.875,0.0,0.13839285714285715
late,late/normuon-lr1e-3/checkpoint-3907,adamw-descent-1e-04,adamw,descent,0.0001,224,0.7436229869327747,0.005960134296667466,0.9350183124520949,-0.0006668857697929655,0.9177694815610137,-0.0007758334811244692,0.017248830891081264,0.00010894771133150374,0.9118728743466947,-0.000999149666833026,0.8660714285714286,0.0,0.3125
late,late/normuon-lr1e-3/checkpoint-3907,adamw-descent-3e-04,adamw,descent,0.0003,224,0.7515415346162592,0.013878681980151868,0.9336472422416721,-0.0020379559802157538,0.9161540687616382,-0.002391246280499867,0.017493173480033875,0.0003532903002841132,0.9134672620067639,0.0005952379932360989,0.8660714285714286,0.0,0.35714285714285715
late,late/normuon-lr1e-3/checkpoint-3907,adamw-descent-1e-03,adamw,descent,0.001,224,0.7747116795758927,0.03704882693978554,0.928598131452288,-0.0070870667695999146,0.9102499873510429,-0.008295327691095216,0.01834814410124506,0.0012082609214953014,0.9125000001596553,-0.00037202385387250355,0.8660714285714286,0.0,0.35714285714285715
late,late/normuon-lr1e-3/checkpoint-3907,adamw-sign-reversal-1e-03,adamw,sign_reversal,0.001,224,0.7038244920290389,-0.0338383606070684,0.9420839590685708,0.006398760846682957,0.9261215613888842,0.007576246346746173,0.015962397679686546,-0.001177485500063215,0.9145833337014275,0.0017113096878996917,0.8705357142857143,0.004464285714285714,0.12053571428571429
late,late/normuon-lr1e-3/checkpoint-3907,muon-descent-1e-04,muon,descent,0.0001,224,0.7429441543179262,0.0052813016818189186,0.9353185748415334,-0.0003666233803544726,0.9181221630424261,-0.00042315199971199036,0.01719641179910728,5.6528619357517785e-05,0.9121279764388289,-0.000744047574698925,0.8660714285714286,0.0,0.24553571428571427
late,late/normuon-lr1e-3/checkpoint-3907,muon-descent-3e-04,muon,descent,0.0003,224,0.7473197627689828,0.009656910132875491,0.9346170002328498,-0.0010681979890380586,0.9173056682837861,-0.0012396467583520071,0.01731133194906371,0.0001714487693139485,0.9130952382859375,0.0002232142724096775,0.8660714285714286,0.0,0.30357142857142855
late,late/normuon-lr1e-3/checkpoint-3907,muon-descent-1e-03,muon,descent,0.001,224,0.7585978489510811,0.020934996314973833,0.9320639244147709,-0.003621273807116917,0.9143115542829037,-0.004233760759234428,0.017752370131867274,0.0006124869521175112,0.9133928573158171,0.0005208333022892475,0.8660714285714286,0.0,0.34375
late,late/normuon-lr1e-3/checkpoint-3907,muon-sign-reversal-1e-03,muon,sign_reversal,0.001,224,0.7174479108618458,-0.020214941774261357,0.9391211563987392,0.0034359581768512726,0.9225881804845163,0.004042865442378181,0.016532975914222852,-0.0006069072655269078,0.9123937077820301,-0.00047831623149769645,0.8660714285714286,0.0,0.125
late,late/normuon-lr1e-3/checkpoint-3907,normuon-descent-1e-04,normuon,descent,0.0001,224,0.7391879378528322,0.0015250852167249767,0.9353795738092491,-0.00030562441263880046,0.9181856140494347,-0.0003597009927034378,0.017193959759814397,5.407658006463732e-05,0.9127232145651111,-0.00014880944841674397,0.8660714285714286,0.0,0.26785714285714285
late,late/normuon-lr1e-3/checkpoint-3907,normuon-descent-3e-04,normuon,descent,0.0003,224,0.745737100637686,0.008074248001578712,0.9347288496792316,-0.0009563485426562173,0.9174317283821958,-0.0011135866599423544,0.017297121297035898,0.00015723811728613718,0.9138392858606365,0.0009672618471086025,0.8660714285714286,0.0,0.29464285714285715
late,late/normuon-lr1e-3/checkpoint-3907,normuon-descent-1e-03,normuon,descent,0.001,224,0.7567805160379005,0.019117663401793265,0.9324569962918758,-0.003228201930012022,0.9147904589772224,-0.003754856064915657,0.017666537314653397,0.0005266541349036353,0.9138392858606365,0.0009672618471086025,0.8660714285714286,0.0,0.35267857142857145
late,late/normuon-lr1e-3/checkpoint-3907,normuon-sign-reversal-1e-03,normuon,sign_reversal,0.001,224,0.7237963147759628,-0.013866537860144357,0.938750099124653,0.003064900902765138,0.9221468993595668,0.003601584317428725,0.016603199765086174,-0.0005366834146635873,0.9132440478674003,0.00037202385387250355,0.8660714285714286,0.0,0.15178571428571427
