family,anchor,challenger,reference,direction,relative_scale,samples,delta_delta_contrastive_loss,delta_delta_positive_score,delta_delta_hardest_negative_score,delta_delta_positive_margin,delta_delta_reciprocal_rank,delta_delta_top1_accuracy
dense,dense/pretrained,muon,adamw,descent,0.0001,224,0.00014601095088957145,-0.00067138671875,-0.00046212332589285713,-0.00020926339285714285,-0.0022002549708953927,-0.004464285714285714
dense,dense/pretrained,muon,adamw,descent,0.0003,224,0.011092591207540994,-0.0015520368303571428,-0.0011160714285714285,-0.0004359654017857143,-0.003231292790068047,-0.004464285714285714
dense,dense/pretrained,muon,adamw,descent,0.001,224,0.020975753139022606,-0.004438127790178571,-0.0033656529017857145,-0.0010724748883928572,-0.006579506942736251,-0.008928571428571428
dense,dense/pretrained,muon,adamw,sign_reversal,0.001,224,-0.03850974213440038,0.006199428013392857,0.004908970424107143,0.0012904575892857143,0.009151785700981106,0.013392857142857142
dense,dense/pretrained,normuon,adamw,descent,0.0001,224,0.00443292897918062,-0.0006626674107142857,-0.00034877232142857144,-0.0003138950892857143,0.0046130952957485405,0.008928571428571428
dense,dense/pretrained,normuon,adamw,descent,0.0003,224,0.009572554350597784,-0.0014910016741071428,-0.0010288783482142857,-0.00046212332589285713,-0.006356292803372655,-0.017857142857142856
dense,dense/pretrained,normuon,adamw,descent,0.001,224,0.027744234705876027,-0.004690987723214286,-0.0033046177455357145,-0.0013863699776785715,-0.0011798470014972346,0.0
dense,dense/pretrained,normuon,adamw,sign_reversal,0.001,224,-0.037301536466527195,0.006539481026785714,0.005013602120535714,0.00152587890625,0.010119047548089708,0.013392857142857142
dense,dense/adamw-lr1e-5/checkpoint-782,muon,adamw,descent,0.0001,224,0.0008742671343497932,0.0003138950892857143,0.00026157924107142856,5.231584821428571e-05,-0.0034970234680388656,-0.004464285714285714
dense,dense/adamw-lr1e-5/checkpoint-782,muon,adamw,descent,0.0003,224,-0.0010159382678206644,5.231584821428571e-05,8.719308035714286e-05,-3.487723214285714e-05,-0.008184523521257299,-0.013392857142857142
dense,dense/adamw-lr1e-5/checkpoint-782,muon,adamw,descent,0.001,224,-0.009093935055196718,0.0014910016741071428,0.0009852818080357143,0.0005057198660714286,0.012276785714285714,0.022321428571428572
dense,dense/adamw-lr1e-5/checkpoint-782,muon,adamw,sign_reversal,0.001,224,-0.012912736274431933,0.0006888253348214286,0.00027901785714285713,0.00040980747767857144,-0.0071428569166788036,-0.017857142857142856
dense,dense/adamw-lr1e-5/checkpoint-782,normuon,adamw,descent,0.0001,224,-0.0020563603632451433,6.103515625e-05,-0.00020926339285714285,0.00027029854910714287,-0.0020089283186410156,-0.004464285714285714
dense,dense/adamw-lr1e-5/checkpoint-782,normuon,adamw,descent,0.0003,224,-0.0018800562387306335,0.00017438616071428572,0.00030517578125,-0.00013078962053571428,-0.002083333142633949,-0.004464285714285714
dense,dense/adamw-lr1e-5/checkpoint-782,normuon,adamw,descent,0.001,224,-0.012867295383070345,0.00177001953125,0.00091552734375,0.0008544921875,0.01711309528244393,0.03125
dense,dense/adamw-lr1e-5/checkpoint-782,normuon,adamw,sign_reversal,0.001,224,-0.012320323386510219,0.0005580357142857143,0.00027901785714285713,0.00027901785714285713,-0.0029017854082797256,-0.004464285714285714
dense,dense/adamw-lr1e-5/checkpoint-2345,muon,adamw,descent,0.0001,224,-1.705348621986299e-05,0.00045340401785714287,0.00044468470982142856,8.719308035714285e-06,-0.0007440477077450071,0.0
dense,dense/adamw-lr1e-5/checkpoint-2345,muon,adamw,descent,0.0003,224,0.0008693040068205196,0.0017002650669642857,0.0016566685267857143,4.359654017857143e-05,0.0008184524652148996,0.004464285714285714
dense,dense/adamw-lr1e-5/checkpoint-2345,muon,adamw,descent,0.001,224,-0.007325492177317626,0.002223423549107143,0.0019095284598214285,0.0003138950892857143,-0.0003720237873494625,0.0
dense,dense/adamw-lr1e-5/checkpoint-2345,muon,adamw,sign_reversal,0.001,224,0.008582256617760972,-0.002040318080357143,-0.0020751953125,3.487723214285714e-05,-0.003943452478519508,-0.008928571428571428
dense,dense/adamw-lr1e-5/checkpoint-2345,normuon,adamw,descent,0.0001,224,-0.00141641416715694,0.00030517578125,0.00026157924107142856,4.359654017857143e-05,-0.003199404837297542,-0.004464285714285714
dense,dense/adamw-lr1e-5/checkpoint-2345,normuon,adamw,descent,0.0003,224,0.007701308029222024,0.0012119838169642857,0.0013602120535714285,-0.00014822823660714285,-0.0015625000399138247,0.0
dense,dense/adamw-lr1e-5/checkpoint-2345,normuon,adamw,descent,0.001,224,-0.005318055988417265,0.0035574776785714285,0.003574916294642857,-1.743861607142857e-05,-7.44047574698925e-05,0.0
dense,dense/adamw-lr1e-5/checkpoint-2345,normuon,adamw,sign_reversal,0.001,224,-0.004042019112895494,-0.002598353794642857,-0.003025599888392857,0.00042724609375,-0.0026041667110153605,-0.008928571428571428
dense,dense/adamw-lr1e-5/checkpoint-3907,muon,adamw,descent,0.0001,224,0.003016907393186687,0.0005144391741071429,0.0006277901785714286,-0.00011335100446428572,-0.0050595237075218135,-0.008928571428571428
dense,dense/adamw-lr1e-5/checkpoint-3907,muon,adamw,descent,0.0003,224,-0.0009529498703873937,0.0008806501116071429,0.0009068080357142857,-2.6157924107142856e-05,0.002232142857142857,0.004464285714285714
dense,dense/adamw-lr1e-5/checkpoint-3907,muon,adamw,descent,0.001,224,-0.0015669150674771767,0.0023978097098214285,0.0023890904017857145,8.719308035714285e-06,-0.005208333155938557,-0.008928571428571428
dense,dense/adamw-lr1e-5/checkpoint-3907,muon,adamw,sign_reversal,0.001,224,-0.01112623314497796,-0.0024501255580357145,-0.002711704799107143,0.00026157924107142856,-0.0041666664848370215,-0.013392857142857142
dense,dense/adamw-lr1e-5/checkpoint-3907,normuon,adamw,descent,0.0001,224,0.004598681661280223,0.00015694754464285715,0.00030517578125,-0.00014822823660714285,-0.0031994047042514595,-0.004464285714285714
dense,dense/adamw-lr1e-5/checkpoint-3907,normuon,adamw,descent,0.0003,224,0.005679503135005299,0.0005057198660714286,0.0008283342633928571,-0.00032261439732142856,0.0010416667376245772,0.004464285714285714
dense,dense/adamw-lr1e-5/checkpoint-3907,normuon,adamw,descent,0.001,224,0.002341023975402225,0.003173828125,0.0033656529017857145,-0.00019182477678571428,-0.002232142857142857,-0.004464285714285714
dense,dense/adamw-lr1e-5/checkpoint-3907,normuon,adamw,sign_reversal,0.001,224,-0.011944053147203704,-0.002903529575892857,-0.00347900390625,0.0005754743303571429,-0.003273809461721352,-0.008928571428571428
dense,dense/muon-lr1e-3/checkpoint-782,muon,adamw,descent,0.0001,224,-0.0005989636218665899,0.000244140625,0.00010463169642857142,0.00013950892857142856,0.005208333288984639,0.008928571428571428
dense,dense/muon-lr1e-3/checkpoint-782,muon,adamw,descent,0.0003,224,-0.0034188090478762334,-0.00045340401785714287,-0.0003749302455357143,-7.847377232142858e-05,0.003348214352237327,0.004464285714285714
dense,dense/muon-lr1e-3/checkpoint-782,muon,adamw,descent,0.001,224,0.008312571850573087,-0.0024588448660714285,-0.0023106166294642855,-0.00014822823660714285,-0.0038690477210496154,-0.008928571428571428
dense,dense/muon-lr1e-3/checkpoint-782,muon,adamw,sign_reversal,0.001,224,-0.0077129973321591805,0.0015869140625,0.0013602120535714285,0.00022670200892857144,0.0070684523587780336,0.008928571428571428
dense,dense/muon-lr1e-3/checkpoint-782,normuon,adamw,descent,0.0001,224,0.0012197193032729306,-1.743861607142857e-05,-8.719308035714285e-06,-8.719308035714285e-06,0.0014880952824439322,0.0
dense,dense/muon-lr1e-3/checkpoint-782,normuon,adamw,descent,0.0003,224,-0.0010295009646402572,-8.719308035714286e-05,-0.00013950892857142856,5.231584821428571e-05,0.0011160714950944697,0.0
dense,dense/muon-lr1e-3/checkpoint-782,normuon,adamw,descent,0.001,224,0.0033401570948886467,-0.0020926339285714285,-0.00213623046875,4.359654017857143e-05,0.00037202365430338044,0.0
dense,dense/muon-lr1e-3/checkpoint-782,normuon,adamw,sign_reversal,0.001,224,-0.01141241857840214,0.0012381417410714285,0.0007847377232142857,0.00045340401785714287,0.0027529760929090635,0.0
dense,dense/muon-lr1e-3/checkpoint-2345,muon,adamw,descent,0.0001,224,0.002774593135005229,0.00011335100446428572,0.00010463169642857142,8.719308035714285e-06,0.0,0.0
dense,dense/muon-lr1e-3/checkpoint-2345,muon,adamw,descent,0.0003,224,0.004115501448203369,7.847377232142858e-05,0.0005057198660714286,-0.00042724609375,-0.0026041665779692785,-0.004464285714285714
dense,dense/muon-lr1e-3/checkpoint-2345,muon,adamw,descent,0.001,224,0.00861984451304514,0.0008021763392857143,0.0016392299107142857,-0.0008370535714285714,0.005208333288984639,0.008928571428571428
dense,dense/muon-lr1e-3/checkpoint-2345,muon,adamw,sign_reversal,0.001,224,-0.015409529931925394,-0.0008806501116071429,-0.002101353236607143,0.001220703125,0.002232142724096775,0.0
dense,dense/muon-lr1e-3/checkpoint-2345,normuon,adamw,descent,0.0001,224,-0.0019426061595108227,0.00014822823660714285,0.00022670200892857144,-7.847377232142858e-05,0.000744047574698925,0.0
dense,dense/muon-lr1e-3/checkpoint-2345,normuon,adamw,descent,0.0003,224,0.006163617128939742,0.0003749302455357143,0.0008980887276785714,-0.0005231584821428571,-0.0018601190032703535,-0.004464285714285714
dense,dense/muon-lr1e-3/checkpoint-2345,normuon,adamw,descent,0.001,224,0.00929669822757465,0.0010027204241071428,0.0017961774553571428,-0.00079345703125,0.002232142857142857,0.004464285714285714
dense,dense/muon-lr1e-3/checkpoint-2345,normuon,adamw,sign_reversal,0.001,224,-0.017962238745115298,-0.0016653878348214285,-0.0030430385044642855,0.0013776506696428572,0.002232142857142857,0.004464285714285714
dense,dense/muon-lr1e-3/checkpoint-3907,muon,adamw,descent,0.0001,224,-0.00279654829474956,3.487723214285714e-05,5.231584821428571e-05,-1.743861607142857e-05,-0.0078125,-0.017857142857142856
dense,dense/muon-lr1e-3/checkpoint-3907,muon,adamw,descent,0.0003,224,0.006699133464280749,-0.00048828125,-7.847377232142858e-05,-0.00040980747767857144,-0.0033482142857142855,-0.004464285714285714
dense,dense/muon-lr1e-3/checkpoint-3907,muon,adamw,descent,0.001,224,-0.004195772982062148,0.00023542131696428572,0.00023542131696428572,0.0,0.005952380996729646,0.008928571428571428
dense,dense/muon-lr1e-3/checkpoint-3907,muon,adamw,sign_reversal,0.001,224,-0.011828385562694166,-0.000244140625,-0.0010811941964285715,0.0008370535714285714,0.0029761905648878644,0.008928571428571428
dense,dense/muon-lr1e-3/checkpoint-3907,normuon,adamw,descent,0.0001,224,0.004257128311759776,-0.00011335100446428572,8.719308035714286e-05,-0.00020054408482142856,-0.001339285700981106,-0.004464285714285714
dense,dense/muon-lr1e-3/checkpoint-3907,normuon,adamw,descent,0.0003,224,0.005322191255670207,-0.00011335100446428572,0.00014822823660714285,-0.00026157924107142856,-0.002976190431841782,-0.004464285714285714
dense,dense/muon-lr1e-3/checkpoint-3907,normuon,adamw,descent,0.001,224,-0.0024412441979230998,0.0006016322544642857,0.0005929129464285714,8.719308035714285e-06,-0.00037202385387250355,-0.004464285714285714
dense,dense/muon-lr1e-3/checkpoint-3907,normuon,adamw,sign_reversal,0.001,224,-0.005846809340125349,-0.0016130719866071428,-0.002467564174107143,0.0008544921875,-0.002976190431841782,-0.004464285714285714
dense,dense/normuon-lr1e-3/checkpoint-782,muon,adamw,descent,0.0001,224,-0.0036099215306291755,0.00019182477678571428,3.487723214285714e-05,0.00015694754464285715,0.002083333275680031,0.0
dense,dense/normuon-lr1e-3/checkpoint-782,muon,adamw,descent,0.0003,224,0.004826808991960466,-0.0005754743303571429,-0.0003749302455357143,-0.00020054408482142856,0.003124999880258526,0.008928571428571428
dense,dense/normuon-lr1e-3/checkpoint-782,muon,adamw,descent,0.001,224,0.006162984795602304,-0.002162388392857143,-0.0019269670758928572,-0.00023542131696428572,-0.00870535715616175,-0.017857142857142856
dense,dense/normuon-lr1e-3/checkpoint-782,muon,adamw,sign_reversal,0.001,224,-0.018362399258096827,0.0014997209821428572,0.0008283342633928571,0.00067138671875,0.008184523787349463,0.017857142857142856
dense,dense/normuon-lr1e-3/checkpoint-782,normuon,adamw,descent,0.0001,224,-0.0015474212356951153,1.743861607142857e-05,-5.231584821428571e-05,6.975446428571428e-05,-0.0013711734541824885,-0.004464285714285714
dense,dense/normuon-lr1e-3/checkpoint-782,normuon,adamw,descent,0.0003,224,0.006365345393792917,-0.0006103515625,-0.00034005301339285713,-0.00027029854910714287,-1.330460820879255e-10,0.0
dense,dense/normuon-lr1e-3/checkpoint-782,normuon,adamw,descent,0.001,224,0.007498515779064162,-0.001988002232142857,-0.0016305106026785715,-0.0003574916294642857,0.0003720237208264215,0.0
dense,dense/normuon-lr1e-3/checkpoint-782,normuon,adamw,sign_reversal,0.001,224,-0.01679506248988868,0.0012904575892857143,0.0008719308035714286,0.0004185267857142857,0.00930059521592089,0.022321428571428572
dense,dense/normuon-lr1e-3/checkpoint-2345,muon,adamw,descent,0.0001,224,-0.002687451054693416,0.00017438616071428572,0.00023542131696428572,-6.103515625e-05,-0.0003720237208264215,0.0
dense,dense/normuon-lr1e-3/checkpoint-2345,muon,adamw,descent,0.0003,224,0.0027030239845251863,0.00015694754464285715,0.0003662109375,-0.00020926339285714285,0.003348214418760368,0.008928571428571428
dense,dense/normuon-lr1e-3/checkpoint-2345,muon,adamw,descent,0.001,224,0.011566893374297902,0.0007237025669642857,0.0017438616071428572,-0.0010201590401785715,-0.0033482141526682036,-0.004464285714285714
dense,dense/normuon-lr1e-3/checkpoint-2345,muon,adamw,sign_reversal,0.001,224,-0.014705823712055073,-0.00115966796875,-0.0023367745535714285,0.0011771065848214285,0.004836309302066054,0.004464285714285714
dense,dense/normuon-lr1e-3/checkpoint-2345,normuon,adamw,descent,0.0001,224,8.904136315582687e-05,-8.719308035714285e-06,0.0001220703125,-0.00013078962053571428,-0.002232142724096775,0.0
dense,dense/normuon-lr1e-3/checkpoint-2345,normuon,adamw,descent,0.0003,224,0.00333117058276652,0.00032261439732142856,0.0006103515625,-0.00028773716517857144,0.0026041667110153605,0.004464285714285714
dense,dense/normuon-lr1e-3/checkpoint-2345,normuon,adamw,descent,0.001,224,0.011481992005688621,0.0005841936383928571,0.001708984375,-0.0011247907366071428,-0.005580357009811061,-0.008928571428571428
dense,dense/normuon-lr1e-3/checkpoint-2345,normuon,adamw,sign_reversal,0.001,224,-0.020514143425706215,-0.001220703125,-0.0026419503348214285,0.0014212472098214285,0.004464285581239632,0.004464285714285714
dense,dense/normuon-lr1e-3/checkpoint-3907,muon,adamw,descent,0.0001,224,0.00023116987228734485,0.00011335100446428572,0.00013078962053571428,-1.743861607142857e-05,0.003720238006540707,0.004464285714285714
dense,dense/normuon-lr1e-3/checkpoint-3907,muon,adamw,descent,0.0003,224,-0.00028117704485859055,0.0006365094866071429,0.0005667550223214286,6.975446428571428e-05,0.0003720239869185856,0.008928571428571428
dense,dense/normuon-lr1e-3/checkpoint-3907,muon,adamw,descent,0.001,224,0.00225290572364299,0.0005405970982142857,0.0010899135044642857,-0.00054931640625,-0.0026041667110153605,-0.008928571428571428
dense,dense/normuon-lr1e-3/checkpoint-3907,muon,adamw,sign_reversal,0.001,224,-0.0010017363116016245,-0.0006452287946428571,-0.001220703125,0.0005754743303571429,-0.003199404837297542,-0.008928571428571428
dense,dense/normuon-lr1e-3/checkpoint-3907,normuon,adamw,descent,0.0001,224,-0.0026831205008680365,0.00017438616071428572,0.00028773716517857144,-0.00011335100446428572,0.003720238006540707,0.004464285714285714
dense,dense/normuon-lr1e-3/checkpoint-3907,normuon,adamw,descent,0.0003,224,0.00033598313763962196,0.00045340401785714287,0.00046212332589285713,-8.719308035714285e-06,-0.0008928570231156689,0.0
dense,dense/normuon-lr1e-3/checkpoint-3907,normuon,adamw,descent,0.001,224,0.0023190771431213114,0.0008283342633928571,0.0015345982142857143,-0.0007062639508928571,-0.005208333422030721,-0.013392857142857142
dense,dense/normuon-lr1e-3/checkpoint-3907,normuon,adamw,sign_reversal,0.001,224,-0.005823345907369263,-0.0010288783482142857,-0.0019967215401785715,0.0009678431919642857,0.0018601190032703535,0.0
late,late/pretrained,muon,adamw,descent,0.0001,224,-0.0020485362133711516,1.1635944247245789e-05,8.34385199206216e-06,3.2920922551836284e-06,0.00018601192693625177,0.0
late,late/pretrained,muon,adamw,descent,0.0003,224,0.00021750108506310033,5.115222718034472e-05,4.099016743046897e-05,1.0162059749875749e-05,0.0,0.0
late,late/pretrained,muon,adamw,descent,0.001,224,0.006534875788308676,0.00014646963349410465,0.00014399178326129913,2.4778502328055244e-06,-0.002418154784079109,-0.004464285714285714
late,late/pretrained,muon,adamw,sign_reversal,0.001,224,0.00043496549272606773,-0.00018514533128057207,-0.0002074481121131352,2.230278083256313e-05,0.0,0.0
late,late/pretrained,normuon,adamw,descent,0.0001,224,-0.0023705169043638985,2.3147623453821454e-05,1.6268076641219003e-05,6.879546812602452e-06,0.0002923044376075268,0.0
late,late/pretrained,normuon,adamw,descent,0.0003,224,0.0028431094117403583,5.439668893814087e-05,5.6394508906773157e-05,-1.9978199686322895e-06,0.00025510202561106,0.0
late,late/pretrained,normuon,adamw,descent,0.001,224,0.006434032633422048,0.0001767905695097787,0.00019050070217677524,-1.3710132666996547e-05,-0.000106292510671275,0.0
late,late/pretrained,normuon,adamw,sign_reversal,0.001,224,-0.0020737884977058813,-0.00022734941116401127,-0.00026992814881461006,4.25787376505988e-05,0.0021524234408778803,0.004464285714285714
late,late/adamw-lr1e-5/checkpoint-782,muon,adamw,descent,0.0001,224,0.0015236763057591776,0.00013947194176060812,0.00017237902751990726,-3.290708575929914e-05,-0.0026041665779692785,-0.004464285714285714
late,late/adamw-lr1e-5/checkpoint-782,muon,adamw,descent,0.0003,224,-0.003928257923849036,0.00043791293033531735,0.0005175902375153133,-7.967730717999595e-05,-0.002232142857142857,-0.004464285714285714
late,late/adamw-lr1e-5/checkpoint-782,muon,adamw,descent,0.001,224,-0.007802297428331574,0.0014804370169128691,0.0017353902970041548,-0.0002549532800912857,-0.000744047574698925,0.0
late,late/adamw-lr1e-5/checkpoint-782,muon,adamw,sign_reversal,0.001,224,0.006647116201755589,-0.001344637679202216,-0.0016085005232266017,0.0002638628440243857,0.0029761905648878644,0.004464285714285714
late,late/adamw-lr1e-5/checkpoint-782,normuon,adamw,descent,0.0001,224,0.0014058810466229335,0.000156093920980181,0.00019310760710920607,-3.701368612902505e-05,0.0,0.0
late,late/adamw-lr1e-5/checkpoint-782,normuon,adamw,descent,0.0003,224,-0.0034604636671711525,0.0004944016358682088,0.0005850948925529208,-9.0693256684712e-05,-0.002232142857142857,-0.004464285714285714
late,late/adamw-lr1e-5/checkpoint-782,normuon,adamw,descent,0.001,224,-0.00996328010144116,0.0016666813088314874,0.0019522966550929205,-0.0002856153462614332,-0.000744047574698925,0.0
late,late/adamw-lr1e-5/checkpoint-782,normuon,adamw,sign_reversal,0.001,224,0.008528399534443842,-0.001540176836507661,-0.0018475838005542755,0.0003074069640466145,0.002380952438605683,0.004464285714285714
late,late/adamw-lr1e-5/checkpoint-2345,muon,adamw,descent,0.0001,224,-0.0021505724957260647,0.00018304879111903056,0.00021650509110518863,-3.34562999861581e-05,0.000148809514939785,0.0
late,late/adamw-lr1e-5/checkpoint-2345,muon,adamw,descent,0.0003,224,-0.0011317105843259131,0.0005602110177278519,0.0006632379123142787,-0.00010302689458642687,-0.000148809514939785,0.0
late,late/adamw-lr1e-5/checkpoint-2345,muon,adamw,descent,0.001,224,-0.008818413430792768,0.0019424658800874437,0.002257610538176128,-0.0003151446580886841,0.0015624999068677425,0.004464285714285714
late,late/adamw-lr1e-5/checkpoint-2345,muon,adamw,sign_reversal,0.001,224,0.005643430761591224,-0.0018646413726466043,-0.002194540042962347,0.0003298986703157425,-0.002232142857142857,-0.004464285714285714
late,late/adamw-lr1e-5/checkpoint-2345,normuon,adamw,descent,0.0001,224,-0.0015144701593719897,0.00021506553249699728,0.00025854286338601796,-4.347733088902065e-05,0.0,0.0
late,late/adamw-lr1e-5/checkpoint-2345,normuon,adamw,descent,0.0003,224,-0.002249053962035611,0.0006287651402609688,0.0007373570863689695,-0.00010859194610800062,0.0,0.0
late,late/adamw-lr1e-5/checkpoint-2345,normuon,adamw,descent,0.001,224,-0.010683962261561541,0.0021948923489877154,0.0025636753333466394,-0.00036878298435892375,0.001339285634458065,0.004464285714285714
late,late/adamw-lr1e-5/checkpoint-2345,normuon,adamw,sign_reversal,0.001,224,0.010652979530003437,-0.0020971931517124176,-0.002477369670357023,0.00038017651864460537,-0.006696428571428571,-0.013392857142857142
late,late/adamw-lr1e-5/checkpoint-3907,muon,adamw,descent,0.0001,224,0.0007045686183104749,0.0001979081758431026,0.00023831586752619063,-4.040769168308803e-05,0.00037202385387250355,0.0
late,late/adamw-lr1e-5/checkpoint-3907,muon,adamw,descent,0.0003,224,-0.0035335319574438806,0.0005907921918800899,0.0006885336978094918,-9.774150592940194e-05,0.0,0.0
late,late/adamw-lr1e-5/checkpoint-3907,muon,adamw,descent,0.001,224,-0.009764468379418087,0.0019868769283805576,0.002321621137005942,-0.00033474420862538475,-0.0008184523986918586,0.0
late,late/adamw-lr1e-5/checkpoint-3907,muon,adamw,sign_reversal,0.001,224,0.009405336221481557,-0.0019135044089385442,-0.0022512291158948627,0.00033772470695631843,0.0,0.0
late,late/adamw-lr1e-5/checkpoint-3907,normuon,adamw,descent,0.0001,224,0.0024640518470552104,0.00019744650593825748,0.0002506250249488013,-5.317851901054382e-05,-0.0042410714418760365,-0.008928571428571428
late,late/adamw-lr1e-5/checkpoint-3907,normuon,adamw,descent,0.0003,224,-0.0022326508808379053,0.0006634239107370377,0.0007757022976875305,-0.00011227838695049286,0.000148809514939785,0.0
late,late/adamw-lr1e-5/checkpoint-3907,normuon,adamw,descent,0.001,224,-0.010119626672011226,0.0022101287863084246,0.0025981302772249493,-0.0003880014909165246,-0.000446428544819355,0.0
late,late/adamw-lr1e-5/checkpoint-3907,normuon,adamw,sign_reversal,0.001,224,0.01401492983042891,-0.002142549625464848,-0.0025225946945803507,0.0003800450691155025,-0.0002232142724096775,0.0
late,late/muon-lr1e-3/checkpoint-782,muon,adamw,descent,0.0001,224,-0.0005511086939897769,0.00018779215003762926,0.00023212816034044539,-4.433601030281612e-05,0.000106292510671275,0.0
late,late/muon-lr1e-3/checkpoint-782,muon,adamw,descent,0.0003,224,-0.0016009044895388045,0.000544684539948191,0.0006644635328224727,-0.00011977899287428175,-0.002232142857142857,-0.004464285714285714
late,late/muon-lr1e-3/checkpoint-782,muon,adamw,descent,0.001,224,-0.005907165651424716,0.0019258891365357808,0.00230750601206507,-0.00038161687552928925,-0.00037202385387250355,0.0
late,late/muon-lr1e-3/checkpoint-782,muon,adamw,sign_reversal,0.001,224,0.007356327046348683,-0.0018022667084421431,-0.002206984907388687,0.0004047181989465441,0.000106292510671275,0.0
late,late/muon-lr1e-3/checkpoint-782,normuon,adamw,descent,0.0001,224,0.0010271158065430694,0.00021279949162687575,0.00026289320417812893,-5.009371255125318e-05,-0.002125850346471582,-0.004464285714285714
late,late/muon-lr1e-3/checkpoint-782,normuon,adamw,descent,0.0003,224,-0.002572982997857893,0.0006271587418658393,0.0007670487144163676,-0.0001398899725505284,-0.002232142857142857,-0.004464285714285714
late,late/muon-lr1e-3/checkpoint-782,normuon,adamw,descent,0.001,224,-0.005236320085430878,0.0021478797176054548,0.0025867849056209835,-0.0004389051880155291,-0.00037202385387250355,0.0
late,late/muon-lr1e-3/checkpoint-782,normuon,adamw,sign_reversal,0.001,224,0.010876819812712395,-0.0020258950867823194,-0.002475160573210035,0.00044926548642771583,0.0021896258528743473,0.004464285714285714
late,late/muon-lr1e-3/checkpoint-2345,muon,adamw,descent,0.0001,224,-0.0016586971122478644,0.00025811711592333656,0.00030695434127535136,-4.883722535201481e-05,-0.0005952381262821811,0.0
late,late/muon-lr1e-3/checkpoint-2345,muon,adamw,descent,0.0003,224,-0.003929035565437745,0.0008335219962256295,0.0009731783398560115,-0.00013965634363038198,-0.00037202385387250355,0.0
late,late/muon-lr1e-3/checkpoint-2345,muon,adamw,descent,0.001,224,-0.01691828463695298,0.002931093264903341,0.003412400239280292,-0.00048130697437695095,0.002083333342203072,0.004464285714285714
late,late/muon-lr1e-3/checkpoint-2345,muon,adamw,sign_reversal,0.001,224,0.012388105135989314,-0.0025376962231738226,-0.0029994691056864603,0.00046177288251263756,-0.0005952381262821811,0.0
late,late/muon-lr1e-3/checkpoint-2345,normuon,adamw,descent,0.0001,224,-0.0036059273879399507,0.00028834837887968334,0.0003433522901364735,-5.500391125679016e-05,-0.0005952381262821811,0.0
late,late/muon-lr1e-3/checkpoint-2345,normuon,adamw,descent,0.0003,224,-0.005779373267126583,0.00093607311802251,0.0011014552520854132,-0.00016538213406290327,0.0,0.0
late,late/muon-lr1e-3/checkpoint-2345,normuon,adamw,descent,0.001,224,-0.018613304664770642,0.0032170627798352924,0.003759784357888358,-0.0005427215780530657,0.0018601190032703535,0.004464285714285714
late,late/muon-lr1e-3/checkpoint-2345,normuon,adamw,sign_reversal,0.001,224,0.015302024109854706,-0.0027983811284814563,-0.0033133732421057565,0.0005149921136243003,-0.001339285700981106,0.0
late,late/muon-lr1e-3/checkpoint-3907,muon,adamw,descent,0.0001,224,-0.0035928069978733595,0.00032198402498449596,0.00038866033511502404,-6.667631013052804e-05,0.0,0.0
late,late/muon-lr1e-3/checkpoint-3907,muon,adamw,descent,0.0003,224,-0.007723899920773413,0.0009824005620820181,0.0011681235794510161,-0.00018572301736899784,-0.002232142857142857,-0.004464285714285714
late,late/muon-lr1e-3/checkpoint-3907,muon,adamw,descent,0.001,224,-0.023087216022786565,0.003535269094364984,0.004193894565105438,-0.0006586254707404546,-0.0005208333022892475,0.0
late,late/muon-lr1e-3/checkpoint-3907,muon,adamw,sign_reversal,0.001,224,0.019092878853063353,-0.002994927976812635,-0.0036126792963062015,0.0006177513194935662,-0.0024553571295525345,-0.004464285714285714
late,late/muon-lr1e-3/checkpoint-3907,normuon,adamw,descent,0.0001,224,-0.0033986341028103034,0.0003649009657757623,0.0004370813923222678,-7.218042654650552e-05,0.0,0.0
late,late/muon-lr1e-3/checkpoint-3907,normuon,adamw,descent,0.0003,224,-0.009397408989333453,0.001115062673177038,0.0013216148529733931,-0.00020655217979635512,0.0,0.0
late,late/muon-lr1e-3/checkpoint-3907,normuon,adamw,descent,0.001,224,-0.025104879758116722,0.003967930961932454,0.004700966445463044,-0.0007330354835305895,-0.0005208333022892475,0.0
late,late/muon-lr1e-3/checkpoint-3907,normuon,adamw,sign_reversal,0.001,224,0.022412599807975577,-0.00338337490601199,-0.004074374479906899,0.0006909995738949094,-0.0024553571295525345,-0.004464285714285714
late,late/normuon-lr1e-3/checkpoint-782,muon,adamw,descent,0.0001,224,-0.0006961764334653912,0.00020165501960686276,0.00022849600229944502,-2.6840982692582266e-05,0.0,0.0
late,late/normuon-lr1e-3/checkpoint-782,muon,adamw,descent,0.0003,224,-0.0004645000714011971,0.0005767505083765302,0.0006885991564818791,-0.00011184864810534887,0.0,0.0
late,late/normuon-lr1e-3/checkpoint-782,muon,adamw,descent,0.001,224,-0.006412521000682141,0.0019614981221301214,0.002325350684779031,-0.0003638525626489094,0.000106292510671275,0.0
late,late/normuon-lr1e-3/checkpoint-782,muon,adamw,sign_reversal,0.001,224,0.006225457934374726,-0.0018736499228647777,-0.00224095955491066,0.00036730963204588207,0.000106292510671275,0.0
late,late/normuon-lr1e-3/checkpoint-782,normuon,adamw,descent,0.0001,224,-0.0033550905103287526,0.0002263507672718593,0.00026384049228259495,-3.748972501073565e-05,0.0,0.0
late,late/normuon-lr1e-3/checkpoint-782,normuon,adamw,descent,0.0003,224,-0.002276879030981219,0.000665619969367981,0.0007931451712335859,-0.00012752520186560496,0.0,0.0
late,late/normuon-lr1e-3/checkpoint-782,normuon,adamw,descent,0.001,224,-0.0071390910180313405,0.002202272415161133,0.0026281981595924924,-0.00042592574443135945,0.0,0.0
late,late/normuon-lr1e-3/checkpoint-782,normuon,adamw,sign_reversal,0.001,224,0.005131911820767713,-0.002130531572869846,-0.002559127818260874,0.00042859624539102824,-0.000148809514939785,0.0
late,late/normuon-lr1e-3/checkpoint-2345,muon,adamw,descent,0.0001,224,-0.0026484387962949657,0.00034646955983979363,0.00040667690336704254,-6.0207343527248926e-05,-0.000744047574698925,0.0
late,late/normuon-lr1e-3/checkpoint-2345,muon,adamw,descent,0.0003,224,-0.0063623752782539745,0.0010533782520464488,0.0012320506253412791,-0.00017867237329483032,-0.00018601192693625177,0.0
late,late/normuon-lr1e-3/checkpoint-2345,muon,adamw,descent,0.001,224,-0.018665991176516985,0.003764661028981209,0.004357130133679935,-0.0005924691046987261,0.0026041667110153605,0.004464285714285714
late,late/normuon-lr1e-3/checkpoint-2345,muon,adamw,sign_reversal,0.001,224,0.017293370994190354,-0.0031915663608482908,-0.003744012809225491,0.0005524464483772006,-0.000148809514939785,0.0
late,late/normuon-lr1e-3/checkpoint-2345,normuon,adamw,descent,0.0001,224,-0.00036223967607578497,0.0003758216542857034,0.00044368340500763485,-6.786175072193146e-05,-0.0010735543577798776,0.0
late,late/normuon-lr1e-3/checkpoint-2345,normuon,adamw,descent,0.0003,224,-0.008090803509957103,0.0011658210839544023,0.0013615465057747705,-0.00019572542182036808,-0.0009300595016351768,0.0
late,late/normuon-lr1e-3/checkpoint-2345,normuon,adamw,descent,0.001,224,-0.02125189056574306,0.0040674057922192985,0.004715720723782267,-0.0006483149315629687,0.0027104592216866358,0.004464285714285714
late,late/normuon-lr1e-3/checkpoint-2345,normuon,adamw,sign_reversal,0.001,224,0.01820578860114311,-0.00346292182803154,-0.00407796459538596,0.0006150427673544202,0.00026573127667818753,0.0
late,late/normuon-lr1e-3/checkpoint-3907,muon,adamw,descent,0.0001,224,-0.0006788326148485473,0.00030026238943849293,0.00035268148141247887,-5.2419091973985944e-05,0.0002551020921341011,0.0
late,late/normuon-lr1e-3/checkpoint-3907,muon,adamw,descent,0.0003,224,-0.0042217718472763776,0.0009697579911776952,0.0011515995221478598,-0.0001818415309701647,-0.0003720237208264215,0.0
late,late/normuon-lr1e-3/checkpoint-3907,muon,adamw,descent,0.001,224,-0.016113830624811705,0.0034657929624829975,0.004061566931860787,-0.0005957739693777901,0.0008928571561617511,0.0
late,late/normuon-lr1e-3/checkpoint-3907,muon,adamw,sign_reversal,0.001,224,0.013623418832807044,-0.0029628026698316845,-0.003533380904367992,0.0005705782345363072,-0.0021896259193973882,-0.004464285714285714
late,late/normuon-lr1e-3/checkpoint-3907,normuon,adamw,descent,0.0001,224,-0.004435049079942489,0.000361261357154165,0.0004161324884210314,-5.487113126686641e-05,0.0008503402184162821,0.0
late,late/normuon-lr1e-3/checkpoint-3907,normuon,adamw,descent,0.0003,224,-0.005804433978573157,0.0010816074375595366,0.0012776596205575125,-0.00019605218299797604,0.00037202385387250355,0.0
late,late/normuon-lr1e-3/checkpoint-3907,normuon,adamw,descent,0.001,224,-0.017931163537992272,0.0038588648395878927,0.004540471626179559,-0.0006816067865916661,0.001339285700981106,0.0
late,late/normuon-lr1e-3/checkpoint-3907,normuon,adamw,sign_reversal,0.001,224,0.019971822746924044,-0.0033338599439178196,-0.003974662029317447,0.0006408020853996277,-0.0013392858340271882,-0.004464285714285714
