family,anchor,metric,condition,interpolation_lambda,effect_vs_baseline,contrast_vs_adamw_native
dense,dense/adamw-lr1e-5/checkpoint-2345,contrastive_loss,adamw-native,0.0,-0.009796972547844365,0.0
dense,dense/adamw-lr1e-5/checkpoint-2345,contrastive_loss,adam-basis__spectrum-lambda-0.25,0.25,-0.015680016143538263,-0.005883043595693898
dense,dense/adamw-lr1e-5/checkpoint-2345,contrastive_loss,adam-basis__spectrum-lambda-0.50,0.5,-0.009329023298473007,0.0004679492493713574
dense,dense/adamw-lr1e-5/checkpoint-2345,contrastive_loss,adam-basis__spectrum-lambda-0.75,0.75,-0.01409433706872473,-0.004297364520880365
dense,dense/adamw-lr1e-5/checkpoint-2345,contrastive_loss,adam-basis__muon-spectrum,1.0,-0.014590702604696812,-0.004793730056852448
dense,dense/adamw-lr1e-5/checkpoint-2345,positive_score,adamw-native,0.0,-0.004560198102678571,0.0
dense,dense/adamw-lr1e-5/checkpoint-2345,positive_score,adam-basis__spectrum-lambda-0.25,0.25,-0.003949846540178571,0.0006103515625
dense,dense/adamw-lr1e-5/checkpoint-2345,positive_score,adam-basis__spectrum-lambda-0.50,0.5,-0.00360107421875,0.0009591238839285711
dense,dense/adamw-lr1e-5/checkpoint-2345,positive_score,adam-basis__spectrum-lambda-0.75,0.75,-0.002720424107142857,0.001839773995535714
dense,dense/adamw-lr1e-5/checkpoint-2345,positive_score,adam-basis__muon-spectrum,1.0,-0.0020664760044642855,0.0024937220982142855
dense,dense/adamw-lr1e-5/checkpoint-2345,hardest_negative_score,adamw-native,0.0,-0.005196707589285714,0.0
dense,dense/adamw-lr1e-5/checkpoint-2345,hardest_negative_score,adam-basis__spectrum-lambda-0.25,0.25,-0.004804338727678571,0.000392368861607143
dense,dense/adamw-lr1e-5/checkpoint-2345,hardest_negative_score,adam-basis__spectrum-lambda-0.50,0.5,-0.004255022321428571,0.000941685267857143
dense,dense/adamw-lr1e-5/checkpoint-2345,hardest_negative_score,adam-basis__spectrum-lambda-0.75,0.75,-0.00347900390625,0.001717703683035714
dense,dense/adamw-lr1e-5/checkpoint-2345,hardest_negative_score,adam-basis__muon-spectrum,1.0,-0.0028599330357142855,0.0023367745535714285
dense,dense/adamw-lr1e-5/checkpoint-2345,positive_margin,adamw-native,0.0,0.0006365094866071429,0.0
dense,dense/adamw-lr1e-5/checkpoint-2345,positive_margin,adam-basis__spectrum-lambda-0.25,0.25,0.0008544921875,0.00021798270089285713
dense,dense/adamw-lr1e-5/checkpoint-2345,positive_margin,adam-basis__spectrum-lambda-0.50,0.5,0.0006539481026785714,1.743861607142851e-05
dense,dense/adamw-lr1e-5/checkpoint-2345,positive_margin,adam-basis__spectrum-lambda-0.75,0.75,0.0007585797991071429,0.0001220703125
dense,dense/adamw-lr1e-5/checkpoint-2345,positive_margin,adam-basis__muon-spectrum,1.0,0.00079345703125,0.00015694754464285713
dense,dense/adamw-lr1e-5/checkpoint-2345,reciprocal_rank,adamw-native,0.0,0.0055803572093801835,0.0
dense,dense/adamw-lr1e-5/checkpoint-2345,reciprocal_rank,adam-basis__spectrum-lambda-0.25,0.25,0.0029761906314109054,-0.002604166577969278
dense,dense/adamw-lr1e-5/checkpoint-2345,reciprocal_rank,adam-basis__spectrum-lambda-0.50,0.5,0.0040922620599823335,-0.00148809514939785
dense,dense/adamw-lr1e-5/checkpoint-2345,reciprocal_rank,adam-basis__spectrum-lambda-0.75,0.75,0.00513392873108387,-0.0004464284782963136
dense,dense/adamw-lr1e-5/checkpoint-2345,reciprocal_rank,adam-basis__muon-spectrum,1.0,0.0008928572226847921,-0.0046874999866953915
dense,dense/adamw-lr1e-5/checkpoint-2345,top1_accuracy,adamw-native,0.0,0.004464285714285714,0.0
dense,dense/adamw-lr1e-5/checkpoint-2345,top1_accuracy,adam-basis__spectrum-lambda-0.25,0.25,0.0,-0.004464285714285714
dense,dense/adamw-lr1e-5/checkpoint-2345,top1_accuracy,adam-basis__spectrum-lambda-0.50,0.5,0.0,-0.004464285714285714
dense,dense/adamw-lr1e-5/checkpoint-2345,top1_accuracy,adam-basis__spectrum-lambda-0.75,0.75,0.0,-0.004464285714285714
dense,dense/adamw-lr1e-5/checkpoint-2345,top1_accuracy,adam-basis__muon-spectrum,1.0,-0.004464285714285714,-0.008928571428571428
dense,dense/adamw-lr1e-5/checkpoint-3907,contrastive_loss,adamw-native,0.0,-0.010885764762113987,0.0
dense,dense/adamw-lr1e-5/checkpoint-3907,contrastive_loss,adam-basis__spectrum-lambda-0.25,0.25,-0.01107407320400203,-0.0001883084418880434
dense,dense/adamw-lr1e-5/checkpoint-3907,contrastive_loss,adam-basis__spectrum-lambda-0.50,0.5,-0.007729125353502501,0.003156639408611487
dense,dense/adamw-lr1e-5/checkpoint-3907,contrastive_loss,adam-basis__spectrum-lambda-0.75,0.75,-0.007463908577197539,0.0034218561849164485
dense,dense/adamw-lr1e-5/checkpoint-3907,contrastive_loss,adam-basis__muon-spectrum,1.0,-0.00550134307845188,0.005384421683662107
dense,dense/adamw-lr1e-5/checkpoint-3907,positive_score,adamw-native,0.0,-0.005815778459821429,0.0
dense,dense/adamw-lr1e-5/checkpoint-3907,positive_score,adam-basis__spectrum-lambda-0.25,0.25,-0.004795619419642857,0.001020159040178572
dense,dense/adamw-lr1e-5/checkpoint-3907,positive_score,adam-basis__spectrum-lambda-0.50,0.5,-0.004080636160714286,0.001735142299107143
dense,dense/adamw-lr1e-5/checkpoint-3907,positive_score,adam-basis__spectrum-lambda-0.75,0.75,-0.0032523018973214285,0.0025634765625000004
dense,dense/adamw-lr1e-5/checkpoint-3907,positive_score,adam-basis__muon-spectrum,1.0,-0.002720424107142857,0.003095354352678572
dense,dense/adamw-lr1e-5/checkpoint-3907,hardest_negative_score,adamw-native,0.0,-0.006312779017857143,0.0
dense,dense/adamw-lr1e-5/checkpoint-3907,hardest_negative_score,adam-basis__spectrum-lambda-0.25,0.25,-0.005362374441964286,0.000950404575892857
dense,dense/adamw-lr1e-5/checkpoint-3907,hardest_negative_score,adam-basis__spectrum-lambda-0.50,0.5,-0.004534040178571429,0.001778738839285714
dense,dense/adamw-lr1e-5/checkpoint-3907,hardest_negative_score,adam-basis__spectrum-lambda-0.75,0.75,-0.00347900390625,0.002833775111607143
dense,dense/adamw-lr1e-5/checkpoint-3907,hardest_negative_score,adam-basis__muon-spectrum,1.0,-0.0028076171875,0.003505161830357143
dense,dense/adamw-lr1e-5/checkpoint-3907,positive_margin,adamw-native,0.0,0.0004970005580357143,0.0
dense,dense/adamw-lr1e-5/checkpoint-3907,positive_margin,adam-basis__spectrum-lambda-0.25,0.25,0.0005667550223214286,6.975446428571436e-05
dense,dense/adamw-lr1e-5/checkpoint-3907,positive_margin,adam-basis__spectrum-lambda-0.50,0.5,0.00045340401785714287,-4.359654017857138e-05
dense,dense/adamw-lr1e-5/checkpoint-3907,positive_margin,adam-basis__spectrum-lambda-0.75,0.75,0.00022670200892857144,-0.0002702985491071428
dense,dense/adamw-lr1e-5/checkpoint-3907,positive_margin,adam-basis__muon-spectrum,1.0,8.719308035714286e-05,-0.0004098074776785714
dense,dense/adamw-lr1e-5/checkpoint-3907,reciprocal_rank,adamw-native,0.0,0.007514880704028266,0.0
dense,dense/adamw-lr1e-5/checkpoint-3907,reciprocal_rank,adam-basis__spectrum-lambda-0.25,0.25,0.006770833129329341,-0.000744047574698925
dense,dense/adamw-lr1e-5/checkpoint-3907,reciprocal_rank,adam-basis__spectrum-lambda-0.50,0.5,0.004166666551360062,-0.003348214152668204
dense,dense/adamw-lr1e-5/checkpoint-3907,reciprocal_rank,adam-basis__spectrum-lambda-0.75,0.75,0.0005952379932360989,-0.0069196427107921675
dense,dense/adamw-lr1e-5/checkpoint-3907,reciprocal_rank,adam-basis__muon-spectrum,1.0,0.0017113094218075275,-0.0058035712822207385
dense,dense/adamw-lr1e-5/checkpoint-3907,top1_accuracy,adamw-native,0.0,0.008928571428571428,0.0
dense,dense/adamw-lr1e-5/checkpoint-3907,top1_accuracy,adam-basis__spectrum-lambda-0.25,0.25,0.008928571428571428,0.0
dense,dense/adamw-lr1e-5/checkpoint-3907,top1_accuracy,adam-basis__spectrum-lambda-0.50,0.5,0.004464285714285714,-0.004464285714285714
dense,dense/adamw-lr1e-5/checkpoint-3907,top1_accuracy,adam-basis__spectrum-lambda-0.75,0.75,-0.004464285714285714,-0.013392857142857142
dense,dense/adamw-lr1e-5/checkpoint-3907,top1_accuracy,adam-basis__muon-spectrum,1.0,0.0,-0.008928571428571428
dense,dense/adamw-lr1e-5/checkpoint-782,contrastive_loss,adamw-native,0.0,0.005148936313746942,0.0
dense,dense/adamw-lr1e-5/checkpoint-782,contrastive_loss,adam-basis__spectrum-lambda-0.25,0.25,0.0017044874226875045,-0.0034444488910594377
dense,dense/adamw-lr1e-5/checkpoint-782,contrastive_loss,adam-basis__spectrum-lambda-0.50,0.5,-0.005987349183734685,-0.011136285497481628
dense,dense/adamw-lr1e-5/checkpoint-782,contrastive_loss,adam-basis__spectrum-lambda-0.75,0.75,-0.003932009508584348,-0.00908094582233129
dense,dense/adamw-lr1e-5/checkpoint-782,contrastive_loss,adam-basis__muon-spectrum,1.0,-0.0023922099082613257,-0.007541146222008268
dense,dense/adamw-lr1e-5/checkpoint-782,positive_score,adamw-native,0.0,-0.0015345982142857143,0.0
dense,dense/adamw-lr1e-5/checkpoint-782,positive_score,adam-basis__spectrum-lambda-0.25,0.25,-0.0013340541294642857,0.0002005440848214285
dense,dense/adamw-lr1e-5/checkpoint-782,positive_score,adam-basis__spectrum-lambda-0.50,0.5,-0.0013427734375,0.00019182477678571425
dense,dense/adamw-lr1e-5/checkpoint-782,positive_score,adam-basis__spectrum-lambda-0.75,0.75,-0.0011073521205357143,0.00042724609375
dense,dense/adamw-lr1e-5/checkpoint-782,positive_score,adam-basis__muon-spectrum,1.0,-0.001220703125,0.00031389508928571425
dense,dense/adamw-lr1e-5/checkpoint-782,hardest_negative_score,adamw-native,0.0,-0.0009765625,0.0
dense,dense/adamw-lr1e-5/checkpoint-782,hardest_negative_score,adam-basis__spectrum-lambda-0.25,0.25,-0.00115966796875,-0.00018310546875
dense,dense/adamw-lr1e-5/checkpoint-782,hardest_negative_score,adam-basis__spectrum-lambda-0.50,0.5,-0.0012294224330357143,-0.00025285993303571425
dense,dense/adamw-lr1e-5/checkpoint-782,hardest_negative_score,adam-basis__spectrum-lambda-0.75,0.75,-0.0009852818080357143,-8.719308035714255e-06
dense,dense/adamw-lr1e-5/checkpoint-782,hardest_negative_score,adam-basis__muon-spectrum,1.0,-0.0011073521205357143,-0.00013078962053571425
dense,dense/adamw-lr1e-5/checkpoint-782,positive_margin,adamw-native,0.0,-0.0005580357142857143,0.0
dense,dense/adamw-lr1e-5/checkpoint-782,positive_margin,adam-basis__spectrum-lambda-0.25,0.25,-0.00017438616071428572,0.0003836495535714285
dense,dense/adamw-lr1e-5/checkpoint-782,positive_margin,adam-basis__spectrum-lambda-0.50,0.5,-0.00011335100446428572,0.0004446847098214285
dense,dense/adamw-lr1e-5/checkpoint-782,positive_margin,adam-basis__spectrum-lambda-0.75,0.75,-0.0001220703125,0.00043596540178571425
dense,dense/adamw-lr1e-5/checkpoint-782,positive_margin,adam-basis__muon-spectrum,1.0,-0.00011335100446428572,0.0004446847098214285
dense,dense/adamw-lr1e-5/checkpoint-782,reciprocal_rank,adamw-native,0.0,-0.008928571561617511,0.0
dense,dense/adamw-lr1e-5/checkpoint-782,reciprocal_rank,adam-basis__spectrum-lambda-0.25,0.25,-0.0039434524119964665,0.004985119149621044
dense,dense/adamw-lr1e-5/checkpoint-782,reciprocal_rank,adam-basis__spectrum-lambda-0.50,0.5,0.0005952381262821811,0.009523809687899691
dense,dense/adamw-lr1e-5/checkpoint-782,reciprocal_rank,adam-basis__spectrum-lambda-0.75,0.75,0.001488095082874809,0.01041666664449232
dense,dense/adamw-lr1e-5/checkpoint-782,reciprocal_rank,adam-basis__muon-spectrum,1.0,0.0045386904717556065,0.013467262033373117
dense,dense/adamw-lr1e-5/checkpoint-782,top1_accuracy,adamw-native,0.0,-0.017857142857142856,0.0
dense,dense/adamw-lr1e-5/checkpoint-782,top1_accuracy,adam-basis__spectrum-lambda-0.25,0.25,-0.004464285714285714,0.013392857142857142
dense,dense/adamw-lr1e-5/checkpoint-782,top1_accuracy,adam-basis__spectrum-lambda-0.50,0.5,0.004464285714285714,0.02232142857142857
dense,dense/adamw-lr1e-5/checkpoint-782,top1_accuracy,adam-basis__spectrum-lambda-0.75,0.75,0.0,0.017857142857142856
dense,dense/adamw-lr1e-5/checkpoint-782,top1_accuracy,adam-basis__muon-spectrum,1.0,0.013392857142857142,0.03125
dense,dense/muon-lr1e-3/checkpoint-2345,contrastive_loss,adamw-native,0.0,-0.016917004871434722,0.0
dense,dense/muon-lr1e-3/checkpoint-2345,contrastive_loss,adam-basis__spectrum-lambda-0.25,0.25,-0.013846650667541585,0.0030703542038931376
dense,dense/muon-lr1e-3/checkpoint-2345,contrastive_loss,adam-basis__spectrum-lambda-0.50,0.5,-0.008996243611363752,0.00792076126007097
dense,dense/muon-lr1e-3/checkpoint-2345,contrastive_loss,adam-basis__spectrum-lambda-0.75,0.75,-0.007040247395837339,0.009876757475597384
dense,dense/muon-lr1e-3/checkpoint-2345,contrastive_loss,adam-basis__muon-spectrum,1.0,-0.004759238816404832,0.01215776605502989
dense,dense/muon-lr1e-3/checkpoint-2345,positive_score,adamw-native,0.0,-0.0023018973214285715,0.0
dense,dense/muon-lr1e-3/checkpoint-2345,positive_score,adam-basis__spectrum-lambda-0.25,0.25,-0.0023978097098214285,-9.591238839285702e-05
dense,dense/muon-lr1e-3/checkpoint-2345,positive_score,adam-basis__spectrum-lambda-0.50,0.5,-0.0023193359375,-1.743861607142851e-05
dense,dense/muon-lr1e-3/checkpoint-2345,positive_score,adam-basis__spectrum-lambda-0.75,0.75,-0.002162388392857143,0.0001395089285714285
dense,dense/muon-lr1e-3/checkpoint-2345,positive_score,adam-basis__muon-spectrum,1.0,-0.0018136160714285715,0.00048828125
dense,dense/muon-lr1e-3/checkpoint-2345,hardest_negative_score,adamw-native,0.0,-0.003627232142857143,0.0
dense,dense/muon-lr1e-3/checkpoint-2345,hardest_negative_score,adam-basis__spectrum-lambda-0.25,0.25,-0.0035487583705357145,7.847377232142851e-05
dense,dense/muon-lr1e-3/checkpoint-2345,hardest_negative_score,adam-basis__spectrum-lambda-0.50,0.5,-0.00335693359375,0.000270298549107143
dense,dense/muon-lr1e-3/checkpoint-2345,hardest_negative_score,adam-basis__spectrum-lambda-0.75,0.75,-0.0029296875,0.000697544642857143
dense,dense/muon-lr1e-3/checkpoint-2345,hardest_negative_score,adam-basis__muon-spectrum,1.0,-0.0023629324776785715,0.0012642996651785715
dense,dense/muon-lr1e-3/checkpoint-2345,positive_margin,adamw-native,0.0,0.0013253348214285715,0.0
dense,dense/muon-lr1e-3/checkpoint-2345,positive_margin,adam-basis__spectrum-lambda-0.25,0.25,0.0011509486607142857,-0.00017438616071428575
dense,dense/muon-lr1e-3/checkpoint-2345,positive_margin,adam-basis__spectrum-lambda-0.50,0.5,0.00103759765625,-0.0002877371651785715
dense,dense/muon-lr1e-3/checkpoint-2345,positive_margin,adam-basis__spectrum-lambda-0.75,0.75,0.0007672991071428571,-0.0005580357142857144
dense,dense/muon-lr1e-3/checkpoint-2345,positive_margin,adam-basis__muon-spectrum,1.0,0.00054931640625,-0.0007760184151785715
dense,dense/muon-lr1e-3/checkpoint-2345,reciprocal_rank,adamw-native,0.0,-0.000744047574698925,0.0
dense,dense/muon-lr1e-3/checkpoint-2345,reciprocal_rank,adam-basis__spectrum-lambda-0.25,0.25,-0.004092261860413211,-0.003348214285714286
dense,dense/muon-lr1e-3/checkpoint-2345,reciprocal_rank,adam-basis__spectrum-lambda-0.50,0.5,-0.000744047574698925,0.0
dense,dense/muon-lr1e-3/checkpoint-2345,reciprocal_rank,adam-basis__spectrum-lambda-0.75,0.75,-0.003720238006540707,-0.002976190431841782
dense,dense/muon-lr1e-3/checkpoint-2345,reciprocal_rank,adam-basis__muon-spectrum,1.0,-0.0026041665779692785,-0.0018601190032703535
dense,dense/muon-lr1e-3/checkpoint-2345,top1_accuracy,adamw-native,0.0,0.0,0.0
dense,dense/muon-lr1e-3/checkpoint-2345,top1_accuracy,adam-basis__spectrum-lambda-0.25,0.25,-0.004464285714285714,-0.004464285714285714
dense,dense/muon-lr1e-3/checkpoint-2345,top1_accuracy,adam-basis__spectrum-lambda-0.50,0.5,0.0,0.0
dense,dense/muon-lr1e-3/checkpoint-2345,top1_accuracy,adam-basis__spectrum-lambda-0.75,0.75,-0.004464285714285714,-0.004464285714285714
dense,dense/muon-lr1e-3/checkpoint-2345,top1_accuracy,adam-basis__muon-spectrum,1.0,-0.004464285714285714,-0.004464285714285714
dense,dense/muon-lr1e-3/checkpoint-3907,contrastive_loss,adamw-native,0.0,-0.003271885865355476,0.0
dense,dense/muon-lr1e-3/checkpoint-3907,contrastive_loss,adam-basis__spectrum-lambda-0.25,0.25,-0.006277166644524966,-0.00300528077916949
dense,dense/muon-lr1e-3/checkpoint-3907,contrastive_loss,adam-basis__spectrum-lambda-0.50,0.5,-0.007818922409309639,-0.004547036543954163
dense,dense/muon-lr1e-3/checkpoint-3907,contrastive_loss,adam-basis__spectrum-lambda-0.75,0.75,-0.01072655703410419,-0.007454671168748713
dense,dense/muon-lr1e-3/checkpoint-3907,contrastive_loss,adam-basis__muon-spectrum,1.0,-0.00729441900745899,-0.004022533142103514
dense,dense/muon-lr1e-3/checkpoint-3907,positive_score,adamw-native,0.0,-0.0032871791294642855,0.0
dense,dense/muon-lr1e-3/checkpoint-3907,positive_score,adam-basis__spectrum-lambda-0.25,0.25,-0.0035487583705357145,-0.00026157924107142894
dense,dense/muon-lr1e-3/checkpoint-3907,positive_score,adam-basis__spectrum-lambda-0.50,0.5,-0.0033656529017857145,-7.847377232142894e-05
dense,dense/muon-lr1e-3/checkpoint-3907,positive_score,adam-basis__spectrum-lambda-0.75,0.75,-0.0030691964285714285,0.00021798270089285702
dense,dense/muon-lr1e-3/checkpoint-3907,positive_score,adam-basis__muon-spectrum,1.0,-0.0026768275669642855,0.0006103515625
dense,dense/muon-lr1e-3/checkpoint-3907,hardest_negative_score,adamw-native,0.0,-0.003993443080357143,0.0
dense,dense/muon-lr1e-3/checkpoint-3907,hardest_negative_score,adam-basis__spectrum-lambda-0.25,0.25,-0.004307338169642857,-0.00031389508928571404
dense,dense/muon-lr1e-3/checkpoint-3907,hardest_negative_score,adam-basis__spectrum-lambda-0.50,0.5,-0.003949846540178571,4.3596540178571924e-05
dense,dense/muon-lr1e-3/checkpoint-3907,hardest_negative_score,adam-basis__spectrum-lambda-0.75,0.75,-0.0037144252232142855,0.00027901785714285745
dense,dense/muon-lr1e-3/checkpoint-3907,hardest_negative_score,adam-basis__muon-spectrum,1.0,-0.003391810825892857,0.000601632254464286
dense,dense/muon-lr1e-3/checkpoint-3907,positive_margin,adamw-native,0.0,0.0007062639508928571,0.0
dense,dense/muon-lr1e-3/checkpoint-3907,positive_margin,adam-basis__spectrum-lambda-0.25,0.25,0.0007585797991071429,5.2315848214285745e-05
dense,dense/muon-lr1e-3/checkpoint-3907,positive_margin,adam-basis__spectrum-lambda-0.50,0.5,0.0005841936383928571,-0.0001220703125
dense,dense/muon-lr1e-3/checkpoint-3907,positive_margin,adam-basis__spectrum-lambda-0.75,0.75,0.0006452287946428571,-6.103515625e-05
dense,dense/muon-lr1e-3/checkpoint-3907,positive_margin,adam-basis__muon-spectrum,1.0,0.0007149832589285714,8.719308035714255e-06
dense,dense/muon-lr1e-3/checkpoint-3907,reciprocal_rank,adamw-native,0.0,-0.008928571428571428,0.0
dense,dense/muon-lr1e-3/checkpoint-3907,reciprocal_rank,adam-basis__spectrum-lambda-0.25,0.25,-0.007068452425301075,0.001860119003270353
dense,dense/muon-lr1e-3/checkpoint-3907,reciprocal_rank,adam-basis__spectrum-lambda-0.50,0.5,-0.0002232142724096775,0.00870535715616175
dense,dense/muon-lr1e-3/checkpoint-3907,reciprocal_rank,adam-basis__spectrum-lambda-0.75,0.75,-0.004092261860413211,0.004836309568158217
dense,dense/muon-lr1e-3/checkpoint-3907,reciprocal_rank,adam-basis__muon-spectrum,1.0,-0.00037202385387250355,0.008556547574698925
dense,dense/muon-lr1e-3/checkpoint-3907,top1_accuracy,adamw-native,0.0,-0.013392857142857142,0.0
dense,dense/muon-lr1e-3/checkpoint-3907,top1_accuracy,adam-basis__spectrum-lambda-0.25,0.25,-0.013392857142857142,0.0
dense,dense/muon-lr1e-3/checkpoint-3907,top1_accuracy,adam-basis__spectrum-lambda-0.50,0.5,0.0,0.013392857142857142
dense,dense/muon-lr1e-3/checkpoint-3907,top1_accuracy,adam-basis__spectrum-lambda-0.75,0.75,-0.008928571428571428,0.004464285714285714
dense,dense/muon-lr1e-3/checkpoint-3907,top1_accuracy,adam-basis__muon-spectrum,1.0,-0.004464285714285714,0.008928571428571428
dense,dense/muon-lr1e-3/checkpoint-782,contrastive_loss,adamw-native,0.0,-0.002606982130730882,0.0
dense,dense/muon-lr1e-3/checkpoint-782,contrastive_loss,adam-basis__spectrum-lambda-0.25,0.25,0.002442902075667267,0.00504988420639815
dense,dense/muon-lr1e-3/checkpoint-782,contrastive_loss,adam-basis__spectrum-lambda-0.50,0.5,2.0649369616876356e-05,0.0026276315003477585
dense,dense/muon-lr1e-3/checkpoint-782,contrastive_loss,adam-basis__spectrum-lambda-0.75,0.75,-0.002978914923395288,-0.00037193279266440563
dense,dense/muon-lr1e-3/checkpoint-782,contrastive_loss,adam-basis__muon-spectrum,1.0,-0.0028508033357346513,-0.00024382120500376914
dense,dense/muon-lr1e-3/checkpoint-782,positive_score,adamw-native,0.0,0.0017438616071428572,0.0
dense,dense/muon-lr1e-3/checkpoint-782,positive_score,adam-basis__spectrum-lambda-0.25,0.25,0.00045340401785714287,-0.0012904575892857145
dense,dense/muon-lr1e-3/checkpoint-782,positive_score,adam-basis__spectrum-lambda-0.50,0.5,-0.0004185267857142857,-0.002162388392857143
dense,dense/muon-lr1e-3/checkpoint-782,positive_score,adam-basis__spectrum-lambda-0.75,0.75,-0.0010114397321428572,-0.0027553013392857145
dense,dense/muon-lr1e-3/checkpoint-782,positive_score,adam-basis__muon-spectrum,1.0,-0.0013602120535714285,-0.003104073660714286
dense,dense/muon-lr1e-3/checkpoint-782,hardest_negative_score,adamw-native,0.0,0.0015956333705357143,0.0
dense,dense/muon-lr1e-3/checkpoint-782,hardest_negative_score,adam-basis__spectrum-lambda-0.25,0.25,0.00032261439732142856,-0.0012730189732142857
dense,dense/muon-lr1e-3/checkpoint-782,hardest_negative_score,adam-basis__spectrum-lambda-0.50,0.5,-0.0005841936383928571,-0.0021798270089285715
dense,dense/muon-lr1e-3/checkpoint-782,hardest_negative_score,adam-basis__spectrum-lambda-0.75,0.75,-0.0013689313616071428,-0.002964564732142857
dense,dense/muon-lr1e-3/checkpoint-782,hardest_negative_score,adam-basis__muon-spectrum,1.0,-0.0015171595982142857,-0.00311279296875
dense,dense/muon-lr1e-3/checkpoint-782,positive_margin,adamw-native,0.0,0.00014822823660714285,0.0
dense,dense/muon-lr1e-3/checkpoint-782,positive_margin,adam-basis__spectrum-lambda-0.25,0.25,0.00013078962053571428,-1.7438616071428564e-05
dense,dense/muon-lr1e-3/checkpoint-782,positive_margin,adam-basis__spectrum-lambda-0.50,0.5,0.00016566685267857144,1.743861607142859e-05
dense,dense/muon-lr1e-3/checkpoint-782,positive_margin,adam-basis__spectrum-lambda-0.75,0.75,0.0003574916294642857,0.00020926339285714285
dense,dense/muon-lr1e-3/checkpoint-782,positive_margin,adam-basis__muon-spectrum,1.0,0.00015694754464285715,8.719308035714309e-06
dense,dense/muon-lr1e-3/checkpoint-782,reciprocal_rank,adamw-native,0.0,0.0005208333022892475,0.0
dense,dense/muon-lr1e-3/checkpoint-782,reciprocal_rank,adam-basis__spectrum-lambda-0.25,0.25,-0.0007440477077450071,-0.0012648810100342545
dense,dense/muon-lr1e-3/checkpoint-782,reciprocal_rank,adam-basis__spectrum-lambda-0.50,0.5,-0.0048363096346812585,-0.005357142936970506
dense,dense/muon-lr1e-3/checkpoint-782,reciprocal_rank,adam-basis__spectrum-lambda-0.75,0.75,0.0011160712955253465,0.000595237993236099
dense,dense/muon-lr1e-3/checkpoint-782,reciprocal_rank,adam-basis__muon-spectrum,1.0,0.0005208332357662064,-6.652304109042856e-11
dense,dense/muon-lr1e-3/checkpoint-782,top1_accuracy,adamw-native,0.0,0.0,0.0
dense,dense/muon-lr1e-3/checkpoint-782,top1_accuracy,adam-basis__spectrum-lambda-0.25,0.25,-0.004464285714285714,-0.004464285714285714
dense,dense/muon-lr1e-3/checkpoint-782,top1_accuracy,adam-basis__spectrum-lambda-0.50,0.5,-0.013392857142857142,-0.013392857142857142
dense,dense/muon-lr1e-3/checkpoint-782,top1_accuracy,adam-basis__spectrum-lambda-0.75,0.75,0.0,0.0
dense,dense/muon-lr1e-3/checkpoint-782,top1_accuracy,adam-basis__muon-spectrum,1.0,0.0,0.0
dense,dense/normuon-lr1e-3/checkpoint-2345,contrastive_loss,adamw-native,0.0,-0.025050413106068196,0.0
dense,dense/normuon-lr1e-3/checkpoint-2345,contrastive_loss,adam-basis__spectrum-lambda-0.25,0.25,-0.026832208153142086,-0.0017817950470738891
dense,dense/normuon-lr1e-3/checkpoint-2345,contrastive_loss,adam-basis__spectrum-lambda-0.50,0.5,-0.02018244906957989,0.004867964036488308
dense,dense/normuon-lr1e-3/checkpoint-2345,contrastive_loss,adam-basis__spectrum-lambda-0.75,0.75,-0.01577124247017179,0.009279170635896405
dense,dense/normuon-lr1e-3/checkpoint-2345,contrastive_loss,adam-basis__muon-spectrum,1.0,-0.010908518030061844,0.014141895076006352
dense,dense/normuon-lr1e-3/checkpoint-2345,positive_score,adamw-native,0.0,-0.00152587890625,0.0
dense,dense/normuon-lr1e-3/checkpoint-2345,positive_score,adam-basis__spectrum-lambda-0.25,0.25,-0.0016043526785714285,-7.847377232142851e-05
dense,dense/normuon-lr1e-3/checkpoint-2345,positive_score,adam-basis__spectrum-lambda-0.50,0.5,-0.0017264229910714285,-0.0002005440848214285
dense,dense/normuon-lr1e-3/checkpoint-2345,positive_score,adam-basis__spectrum-lambda-0.75,0.75,-0.0014474051339285715,7.847377232142851e-05
dense,dense/normuon-lr1e-3/checkpoint-2345,positive_score,adam-basis__muon-spectrum,1.0,-0.0014735630580357143,5.2315848214285745e-05
dense,dense/normuon-lr1e-3/checkpoint-2345,hardest_negative_score,adamw-native,0.0,-0.00347900390625,0.0
dense,dense/normuon-lr1e-3/checkpoint-2345,hardest_negative_score,adam-basis__spectrum-lambda-0.25,0.25,-0.0035226004464285715,-4.359654017857149e-05
dense,dense/normuon-lr1e-3/checkpoint-2345,hardest_negative_score,adam-basis__spectrum-lambda-0.50,0.5,-0.0031215122767857145,0.00035749162946428553
dense,dense/normuon-lr1e-3/checkpoint-2345,hardest_negative_score,adam-basis__spectrum-lambda-0.75,0.75,-0.0027029854910714285,0.0007760184151785715
dense,dense/normuon-lr1e-3/checkpoint-2345,hardest_negative_score,adam-basis__muon-spectrum,1.0,-0.0023716517857142855,0.0011073521205357145
dense,dense/normuon-lr1e-3/checkpoint-2345,positive_margin,adamw-native,0.0,0.001953125,0.0
dense,dense/normuon-lr1e-3/checkpoint-2345,positive_margin,adam-basis__spectrum-lambda-0.25,0.25,0.0019182477678571428,-3.4877232142857236e-05
dense,dense/normuon-lr1e-3/checkpoint-2345,positive_margin,adam-basis__spectrum-lambda-0.50,0.5,0.0013950892857142857,-0.0005580357142857143
dense,dense/normuon-lr1e-3/checkpoint-2345,positive_margin,adam-basis__spectrum-lambda-0.75,0.75,0.0012555803571428572,-0.0006975446428571428
dense,dense/normuon-lr1e-3/checkpoint-2345,positive_margin,adam-basis__muon-spectrum,1.0,0.0008980887276785714,-0.0010550362723214285
dense,dense/normuon-lr1e-3/checkpoint-2345,reciprocal_rank,adamw-native,0.0,0.008556547441652842,0.0
dense,dense/normuon-lr1e-3/checkpoint-2345,reciprocal_rank,adam-basis__spectrum-lambda-0.25,0.25,0.006696428438382489,-0.001860119003270353
dense,dense/normuon-lr1e-3/checkpoint-2345,reciprocal_rank,adam-basis__spectrum-lambda-0.50,0.5,0.003720238006540707,-0.004836309435112135
dense,dense/normuon-lr1e-3/checkpoint-2345,reciprocal_rank,adam-basis__spectrum-lambda-0.75,0.75,0.006696428438382489,-0.001860119003270353
dense,dense/normuon-lr1e-3/checkpoint-2345,reciprocal_rank,adam-basis__muon-spectrum,1.0,0.00148809514939785,-0.007068452292254992
dense,dense/normuon-lr1e-3/checkpoint-2345,top1_accuracy,adamw-native,0.0,0.013392857142857142,0.0
dense,dense/normuon-lr1e-3/checkpoint-2345,top1_accuracy,adam-basis__spectrum-lambda-0.25,0.25,0.008928571428571428,-0.004464285714285714
dense,dense/normuon-lr1e-3/checkpoint-2345,top1_accuracy,adam-basis__spectrum-lambda-0.50,0.5,0.004464285714285714,-0.008928571428571428
dense,dense/normuon-lr1e-3/checkpoint-2345,top1_accuracy,adam-basis__spectrum-lambda-0.75,0.75,0.008928571428571428,-0.004464285714285714
dense,dense/normuon-lr1e-3/checkpoint-2345,top1_accuracy,adam-basis__muon-spectrum,1.0,0.0,-0.013392857142857142
dense,dense/normuon-lr1e-3/checkpoint-3907,contrastive_loss,adamw-native,0.0,-0.006164477542240222,0.0
dense,dense/normuon-lr1e-3/checkpoint-3907,contrastive_loss,adam-basis__spectrum-lambda-0.25,0.25,-0.003381233870511226,0.002783243671728996
dense,dense/normuon-lr1e-3/checkpoint-3907,contrastive_loss,adam-basis__spectrum-lambda-0.50,0.5,-0.004154647063322565,0.002009830478917657
dense,dense/normuon-lr1e-3/checkpoint-3907,contrastive_loss,adam-basis__spectrum-lambda-0.75,0.75,-0.005501312039216698,0.0006631655030235242
dense,dense/normuon-lr1e-3/checkpoint-3907,contrastive_loss,adam-basis__muon-spectrum,1.0,-0.0030846498679498575,0.0030798276742903647
dense,dense/normuon-lr1e-3/checkpoint-3907,positive_score,adamw-native,0.0,-0.0028860909598214285,0.0
dense,dense/normuon-lr1e-3/checkpoint-3907,positive_score,adam-basis__spectrum-lambda-0.25,0.25,-0.003086635044642857,-0.0002005440848214285
dense,dense/normuon-lr1e-3/checkpoint-3907,positive_score,adam-basis__spectrum-lambda-0.50,0.5,-0.0030343191964285715,-0.00014822823660714298
dense,dense/normuon-lr1e-3/checkpoint-3907,positive_score,adam-basis__spectrum-lambda-0.75,0.75,-0.0026942661830357145,0.00019182477678571404
dense,dense/normuon-lr1e-3/checkpoint-3907,positive_score,adam-basis__muon-spectrum,1.0,-0.0023018973214285715,0.000584193638392857
dense,dense/normuon-lr1e-3/checkpoint-3907,hardest_negative_score,adamw-native,0.0,-0.00421142578125,0.0
dense,dense/normuon-lr1e-3/checkpoint-3907,hardest_negative_score,adam-basis__spectrum-lambda-0.25,0.25,-0.004037039620535714,0.00017438616071428596
dense,dense/normuon-lr1e-3/checkpoint-3907,hardest_negative_score,adam-basis__spectrum-lambda-0.50,0.5,-0.0038364955357142855,0.00037493024553571447
dense,dense/normuon-lr1e-3/checkpoint-3907,hardest_negative_score,adam-basis__spectrum-lambda-0.75,0.75,-0.00335693359375,0.0008544921875
dense,dense/normuon-lr1e-3/checkpoint-3907,hardest_negative_score,adam-basis__muon-spectrum,1.0,-0.0029122488839285715,0.0012991768973214285
dense,dense/normuon-lr1e-3/checkpoint-3907,positive_margin,adamw-native,0.0,0.0013253348214285715,0.0
dense,dense/normuon-lr1e-3/checkpoint-3907,positive_margin,adam-basis__spectrum-lambda-0.25,0.25,0.0009504045758928571,-0.00037493024553571436
dense,dense/normuon-lr1e-3/checkpoint-3907,positive_margin,adam-basis__spectrum-lambda-0.50,0.5,0.0008021763392857143,-0.0005231584821428572
dense,dense/normuon-lr1e-3/checkpoint-3907,positive_margin,adam-basis__spectrum-lambda-0.75,0.75,0.0006626674107142857,-0.0006626674107142857
dense,dense/normuon-lr1e-3/checkpoint-3907,positive_margin,adam-basis__muon-spectrum,1.0,0.0006103515625,-0.0007149832589285715
dense,dense/normuon-lr1e-3/checkpoint-3907,reciprocal_rank,adamw-native,0.0,0.006696428571428571,0.0
dense,dense/normuon-lr1e-3/checkpoint-3907,reciprocal_rank,adam-basis__spectrum-lambda-0.25,0.25,0.002976190498364823,-0.003720238073063748
dense,dense/normuon-lr1e-3/checkpoint-3907,reciprocal_rank,adam-basis__spectrum-lambda-0.50,0.5,0.006324404717556068,-0.00037202385387250306
dense,dense/normuon-lr1e-3/checkpoint-3907,reciprocal_rank,adam-basis__spectrum-lambda-0.75,0.75,0.003720238006540707,-0.002976190564887864
dense,dense/normuon-lr1e-3/checkpoint-3907,reciprocal_rank,adam-basis__muon-spectrum,1.0,0.0003720237208264215,-0.00632440485060215
dense,dense/normuon-lr1e-3/checkpoint-3907,top1_accuracy,adamw-native,0.0,0.013392857142857142,0.0
dense,dense/normuon-lr1e-3/checkpoint-3907,top1_accuracy,adam-basis__spectrum-lambda-0.25,0.25,0.008928571428571428,-0.004464285714285714
dense,dense/normuon-lr1e-3/checkpoint-3907,top1_accuracy,adam-basis__spectrum-lambda-0.50,0.5,0.008928571428571428,-0.004464285714285714
dense,dense/normuon-lr1e-3/checkpoint-3907,top1_accuracy,adam-basis__spectrum-lambda-0.75,0.75,0.004464285714285714,-0.008928571428571428
dense,dense/normuon-lr1e-3/checkpoint-3907,top1_accuracy,adam-basis__muon-spectrum,1.0,-0.004464285714285714,-0.017857142857142856
dense,dense/normuon-lr1e-3/checkpoint-782,contrastive_loss,adamw-native,0.0,-0.016591804175472395,0.0
dense,dense/normuon-lr1e-3/checkpoint-782,contrastive_loss,adam-basis__spectrum-lambda-0.25,0.25,-0.018764878731937124,-0.002173074556464729
dense,dense/normuon-lr1e-3/checkpoint-782,contrastive_loss,adam-basis__spectrum-lambda-0.50,0.5,-0.0161631322667485,0.00042867190872389674
dense,dense/normuon-lr1e-3/checkpoint-782,contrastive_loss,adam-basis__spectrum-lambda-0.75,0.75,-0.015129069214058941,0.0014627349614134543
dense,dense/normuon-lr1e-3/checkpoint-782,contrastive_loss,adam-basis__muon-spectrum,1.0,-0.010028205252768072,0.006563598922704323
dense,dense/normuon-lr1e-3/checkpoint-782,positive_score,adamw-native,0.0,0.0022670200892857145,0.0
dense,dense/normuon-lr1e-3/checkpoint-782,positive_score,adam-basis__spectrum-lambda-0.25,0.25,0.0013078962053571428,-0.0009591238839285717
dense,dense/normuon-lr1e-3/checkpoint-782,positive_score,adam-basis__spectrum-lambda-0.50,0.5,3.487723214285714e-05,-0.0022321428571428575
dense,dense/normuon-lr1e-3/checkpoint-782,positive_score,adam-basis__spectrum-lambda-0.75,0.75,-0.00020926339285714285,-0.0024762834821428575
dense,dense/normuon-lr1e-3/checkpoint-782,positive_score,adam-basis__muon-spectrum,1.0,-0.0005405970982142857,-0.0028076171875
dense,dense/normuon-lr1e-3/checkpoint-782,hardest_negative_score,adamw-native,0.0,0.0016653878348214285,0.0
dense,dense/normuon-lr1e-3/checkpoint-782,hardest_negative_score,adam-basis__spectrum-lambda-0.25,0.25,0.0005929129464285714,-0.001072474888392857
dense,dense/normuon-lr1e-3/checkpoint-782,hardest_negative_score,adam-basis__spectrum-lambda-0.50,0.5,-0.00040108816964285713,-0.0020664760044642855
dense,dense/normuon-lr1e-3/checkpoint-782,hardest_negative_score,adam-basis__spectrum-lambda-0.75,0.75,-0.0010201590401785715,-0.002685546875
dense,dense/normuon-lr1e-3/checkpoint-782,hardest_negative_score,adam-basis__muon-spectrum,1.0,-0.0009940011160714285,-0.002659388950892857
dense,dense/normuon-lr1e-3/checkpoint-782,positive_margin,adamw-native,0.0,0.0006016322544642857,0.0
dense,dense/normuon-lr1e-3/checkpoint-782,positive_margin,adam-basis__spectrum-lambda-0.25,0.25,0.0007149832589285714,0.00011335100446428564
dense,dense/normuon-lr1e-3/checkpoint-782,positive_margin,adam-basis__spectrum-lambda-0.50,0.5,0.0004359654017857143,-0.00016566685267857144
dense,dense/normuon-lr1e-3/checkpoint-782,positive_margin,adam-basis__spectrum-lambda-0.75,0.75,0.0008108956473214286,0.00020926339285714287
dense,dense/normuon-lr1e-3/checkpoint-782,positive_margin,adam-basis__muon-spectrum,1.0,0.00045340401785714287,-0.00014822823660714287
dense,dense/normuon-lr1e-3/checkpoint-782,reciprocal_rank,adamw-native,0.0,0.012053571441876037,0.0
dense,dense/normuon-lr1e-3/checkpoint-782,reciprocal_rank,adam-basis__spectrum-lambda-0.25,0.25,0.0075892857275903225,-0.004464285714285714
dense,dense/normuon-lr1e-3/checkpoint-782,reciprocal_rank,adam-basis__spectrum-lambda-0.50,0.5,0.005580357142857143,-0.0064732142990188936
dense,dense/normuon-lr1e-3/checkpoint-782,reciprocal_rank,adam-basis__spectrum-lambda-0.75,0.75,0.006324404717556068,-0.0057291667243199685
dense,dense/normuon-lr1e-3/checkpoint-782,reciprocal_rank,adam-basis__muon-spectrum,1.0,0.0039434524119964665,-0.00811011902987957
dense,dense/normuon-lr1e-3/checkpoint-782,top1_accuracy,adamw-native,0.0,0.026785714285714284,0.0
dense,dense/normuon-lr1e-3/checkpoint-782,top1_accuracy,adam-basis__spectrum-lambda-0.25,0.25,0.017857142857142856,-0.008928571428571428
dense,dense/normuon-lr1e-3/checkpoint-782,top1_accuracy,adam-basis__spectrum-lambda-0.50,0.5,0.013392857142857142,-0.013392857142857142
dense,dense/normuon-lr1e-3/checkpoint-782,top1_accuracy,adam-basis__spectrum-lambda-0.75,0.75,0.013392857142857142,-0.013392857142857142
dense,dense/normuon-lr1e-3/checkpoint-782,top1_accuracy,adam-basis__muon-spectrum,1.0,0.008928571428571428,-0.017857142857142856
dense,dense/pretrained,contrastive_loss,adamw-native,0.0,-0.04853827739134431,0.0
dense,dense/pretrained,contrastive_loss,adam-basis__spectrum-lambda-0.25,0.25,-0.04226705163559278,0.006271225755751529
dense,dense/pretrained,contrastive_loss,adam-basis__spectrum-lambda-0.50,0.5,-0.03359856314325173,0.014939714248092581
dense,dense/pretrained,contrastive_loss,adam-basis__spectrum-lambda-0.75,0.75,-0.02855647012724408,0.01998180726410023
dense,dense/pretrained,contrastive_loss,adam-basis__muon-spectrum,1.0,-0.02193533804009868,0.02660293935124563
dense,dense/pretrained,positive_score,adamw-native,0.0,0.008823939732142858,0.0
dense,dense/pretrained,positive_score,adam-basis__spectrum-lambda-0.25,0.25,0.007428850446428571,-0.0013950892857142868
dense,dense/pretrained,positive_score,adam-basis__spectrum-lambda-0.50,0.5,0.005807059151785714,-0.003016880580357144
dense,dense/pretrained,positive_score,adam-basis__spectrum-lambda-0.75,0.75,0.004115513392857143,-0.004708426339285715
dense,dense/pretrained,positive_score,adam-basis__muon-spectrum,1.0,0.0030953543526785715,-0.005728585379464286
dense,dense/pretrained,hardest_negative_score,adamw-native,0.0,0.006809779575892857,0.0
dense,dense/pretrained,hardest_negative_score,adam-basis__spectrum-lambda-0.25,0.25,0.005632672991071429,-0.001177106584821428
dense,dense/pretrained,hardest_negative_score,adam-basis__spectrum-lambda-0.50,0.5,0.004525320870535714,-0.002284458705357143
dense,dense/pretrained,hardest_negative_score,adam-basis__spectrum-lambda-0.75,0.75,0.0029471261160714285,-0.0038626534598214285
dense,dense/pretrained,hardest_negative_score,adam-basis__muon-spectrum,1.0,0.0022408621651785715,-0.004568917410714286
dense,dense/pretrained,positive_margin,adamw-native,0.0,0.00201416015625,0.0
dense,dense/pretrained,positive_margin,adam-basis__spectrum-lambda-0.25,0.25,0.0017961774553571428,-0.00021798270089285724
dense,dense/pretrained,positive_margin,adam-basis__spectrum-lambda-0.50,0.5,0.00128173828125,-0.000732421875
dense,dense/pretrained,positive_margin,adam-basis__spectrum-lambda-0.75,0.75,0.0011683872767857143,-0.0008457728794642857
dense,dense/pretrained,positive_margin,adam-basis__muon-spectrum,1.0,0.0008544921875,-0.00115966796875
dense,dense/pretrained,reciprocal_rank,adamw-native,0.0,0.009630102198570967,0.0
dense,dense/pretrained,reciprocal_rank,adam-basis__spectrum-lambda-0.25,0.25,0.006802721215145928,-0.0028273809834250384
dense,dense/pretrained,reciprocal_rank,adam-basis__spectrum-lambda-0.50,0.5,0.008301445615610905,-0.0013286565829600614
dense,dense/pretrained,reciprocal_rank,adam-basis__spectrum-lambda-0.75,0.75,0.005686649919620582,-0.0039434522789503846
dense,dense/pretrained,reciprocal_rank,adam-basis__muon-spectrum,1.0,0.0037627553434244226,-0.005867346855146545
dense,dense/pretrained,top1_accuracy,adamw-native,0.0,0.013392857142857142,0.0
dense,dense/pretrained,top1_accuracy,adam-basis__spectrum-lambda-0.25,0.25,0.008928571428571428,-0.004464285714285714
dense,dense/pretrained,top1_accuracy,adam-basis__spectrum-lambda-0.50,0.5,0.013392857142857142,0.0
dense,dense/pretrained,top1_accuracy,adam-basis__spectrum-lambda-0.75,0.75,0.013392857142857142,0.0
dense,dense/pretrained,top1_accuracy,adam-basis__muon-spectrum,1.0,0.008928571428571428,-0.004464285714285714
