family,condition,metric,anchors,mean_effect_vs_baseline,median_effect_vs_baseline,positive_anchor_fraction_effect_vs_baseline
dense,adam-basis__muon-head-spectrum,contrastive_loss,10,-0.011213710158361728,-0.009025053685231148,0.0
dense,adam-basis__muon-head-spectrum,hardest_negative_score,10,-0.0021214076450892854,-0.002955845424107143,0.1
dense,adam-basis__muon-head-spectrum,positive_margin,10,0.0006356375558035714,0.0006452287946428571,0.9
dense,adam-basis__muon-head-spectrum,positive_score,10,-0.0014857700892857144,-0.001865931919642857,0.1
dense,adam-basis__muon-head-spectrum,reciprocal_rank,10,0.0023139880637505226,0.003385416498141629,0.7
dense,adam-basis__muon-head-spectrum,top1_accuracy,10,0.002232142857142857,0.0,0.4
dense,adam-basis__muon-middle-spectrum,contrastive_loss,10,-0.013839125251109053,-0.011299896519988448,0.0
dense,adam-basis__muon-middle-spectrum,hardest_negative_score,10,-0.0016462053571428571,-0.003265380859375,0.3
dense,adam-basis__muon-middle-spectrum,positive_margin,10,0.0008640834263392858,0.0008719308035714285,0.9
dense,adam-basis__muon-middle-spectrum,positive_score,10,-0.0007821219308035714,-0.0017220633370535715,0.3
dense,adam-basis__muon-middle-spectrum,reciprocal_rank,10,0.0034715135781360528,0.003109055970396315,0.8
dense,adam-basis__muon-middle-spectrum,top1_accuracy,10,0.005803571428571428,0.004464285714285714,0.7
dense,adam-basis__muon-spectrum,contrastive_loss,10,-0.008334542794188694,-0.0063978810429554354,0.0
dense,adam-basis__muon-spectrum,hardest_negative_score,10,-0.0018083844866071427,-0.0023672921316964285,0.1
dense,adam-basis__muon-spectrum,positive_margin,10,0.00050048828125,0.000579833984375,0.9
dense,adam-basis__muon-spectrum,positive_score,10,-0.0013078962053571428,-0.001643589564732143,0.1
dense,adam-basis__muon-spectrum,reciprocal_rank,10,0.0014253826545817512,0.001190476186041321,0.8
dense,adam-basis__muon-spectrum,top1_accuracy,10,0.0013392857142857143,0.0,0.3
dense,adam-basis__muon-tail-spectrum,contrastive_loss,10,-0.014094291449760021,-0.011238037477807796,0.1
dense,adam-basis__muon-tail-spectrum,hardest_negative_score,10,-0.0017185756138392856,-0.0034964425223214285,0.3
dense,adam-basis__muon-tail-spectrum,positive_margin,10,0.0009059361049107142,0.000701904296875,0.9
dense,adam-basis__muon-tail-spectrum,positive_score,10,-0.0008126395089285716,-0.001857212611607143,0.3
dense,adam-basis__muon-tail-spectrum,reciprocal_rank,10,0.0020833333155938554,0.00450148802649762,0.7
dense,adam-basis__muon-tail-spectrum,top1_accuracy,10,0.0035714285714285713,0.006696428571428571,0.7
dense,adam-basis__spectrum-lambda-0.25,contrastive_loss,10,-0.013397588955243529,-0.012460361935771807,0.2
dense,adam-basis__spectrum-lambda-0.25,hardest_negative_score,10,-0.0020193917410714283,-0.003535679408482143,0.3
dense,adam-basis__spectrum-lambda-0.25,positive_margin,10,0.00086669921875,0.0008065359933035715,0.9
dense,adam-basis__spectrum-lambda-0.25,positive_score,10,-0.0011526925223214286,-0.0020010811941964285,0.3
dense,adam-basis__spectrum-lambda-0.25,reciprocal_rank,10,0.0017963435234768048,0.002976190564887864,0.6
dense,adam-basis__spectrum-lambda-0.25,top1_accuracy,10,0.0026785714285714286,0.004464285714285714,0.5
dense,adam-basis__spectrum-lambda-0.50,contrastive_loss,10,-0.011393880602966939,-0.008407583010336696,0.1
dense,adam-basis__spectrum-lambda-0.50,hardest_negative_score,10,-0.0020743233816964282,-0.003239222935267857,0.1
dense,adam-basis__spectrum-lambda-0.50,positive_margin,10,0.0006696428571428571,0.0006190708705357143,0.9
dense,adam-basis__spectrum-lambda-0.50,positive_score,10,-0.0014046805245535715,-0.002022879464285714,0.2
dense,adam-basis__spectrum-lambda-0.50,reciprocal_rank,10,0.002697704073839954,0.00390625003326152,0.7
dense,adam-basis__spectrum-lambda-0.50,top1_accuracy,10,0.0035714285714285713,0.004464285714285714,0.6
dense,adam-basis__spectrum-lambda-0.75,contrastive_loss,10,-0.011119406835853494,-0.009095232805650864,0.0
dense,adam-basis__spectrum-lambda-0.75,hardest_negative_score,10,-0.0020089285714285712,-0.002816336495535714,0.1
dense,adam-basis__spectrum-lambda-0.75,positive_margin,10,0.000653076171875,0.0007106236049107143,0.9
dense,adam-basis__spectrum-lambda-0.75,positive_score,10,-0.0013558523995535715,-0.0018048967633928572,0.1
dense,adam-basis__spectrum-lambda-0.75,reciprocal_rank,10,0.0022948554317866053,0.002604166544707758,0.8
dense,adam-basis__spectrum-lambda-0.75,top1_accuracy,10,0.002232142857142857,0.0,0.4
dense,adamw-native,contrastive_loss,10,-0.013467464607885763,-0.010341368654979175,0.1
dense,adamw-native,hardest_negative_score,10,-0.0017726353236607144,-0.0035531180245535715,0.3
dense,adamw-native,positive_margin,10,0.0008649553571428572,0.00067138671875,0.9
dense,adamw-native,positive_score,10,-0.0009076799665178571,-0.001918247767857143,0.3
dense,adamw-native,reciprocal_rank,10,0.003195153030433825,0.006138392890404377,0.7
dense,adamw-native,top1_accuracy,10,0.004910714285714286,0.006696428571428571,0.6
dense,muon-basis__adam-spectrum,contrastive_loss,10,-0.005175168002762932,-0.00441013671224612,0.1
dense,muon-basis__adam-spectrum,hardest_negative_score,10,-0.0008536202566964286,-0.0011160714285714285,0.2
dense,muon-basis__adam-spectrum,positive_margin,10,0.0002755301339285714,0.000152587890625,0.9
dense,muon-basis__adam-spectrum,positive_score,10,-0.0005780901227678571,-0.000762939453125,0.2
dense,muon-basis__adam-spectrum,reciprocal_rank,10,0.0009045493323355913,0.00028167515327887874,0.5
dense,muon-basis__adam-spectrum,top1_accuracy,10,0.0008928571428571428,0.0,0.3
dense,muon-native,contrastive_loss,10,-0.009896580796472725,-0.009362989869129836,0.1
dense,muon-native,hardest_negative_score,10,-0.0015337262834821427,-0.001861572265625,0.2
dense,muon-native,positive_margin,10,0.0005615234375,0.0006059919084821429,0.8
dense,muon-native,positive_score,10,-0.0009722028459821428,-0.0011509486607142857,0.2
dense,muon-native,reciprocal_rank,10,0.0024702380677419046,0.0033482142191912445,0.8
dense,muon-native,top1_accuracy,10,0.003125,0.004464285714285714,0.7
