family,anchor,algorithm,samples,relative_scale,mean_delta_contrastive_loss,p95_delta_contrastive_loss,p99_delta_contrastive_loss,loss_improvement_fraction,mean_delta_positive_margin,p05_delta_positive_margin,margin_improvement_fraction
dense,dense/pretrained,adamw,224,0.001,-0.04853827739134431,0.15770329236984243,0.2692195534706117,0.5892857142857143,0.00201416015625,-0.0078125,0.49107142857142855
dense,dense/pretrained,muon,224,0.001,-0.027562524252321703,0.12085130214691162,0.1851995182037354,0.5803571428571429,0.0009416852678571429,-0.00390625,0.42410714285714285
dense,dense/pretrained,normuon,224,0.001,-0.02079404268546828,0.12550467401742935,0.264042263031006,0.5535714285714286,0.0006277901785714286,-0.00390625,0.38392857142857145
dense,dense/adamw-lr1e-5/checkpoint-782,adamw,224,0.001,0.005148936313746942,0.24017168283462517,0.34947772085666673,0.4419642857142857,-0.0005580357142857143,-0.0078125,0.30357142857142855
dense,dense/adamw-lr1e-5/checkpoint-782,muon,224,0.001,-0.003944998741449776,0.13758851289749144,0.2548273730278018,0.46875,-5.231584821428571e-05,-0.005566406249999999,0.2857142857142857
dense,dense/adamw-lr1e-5/checkpoint-782,normuon,224,0.001,-0.007718359069323404,0.12047619223594665,0.21474655508995083,0.5089285714285714,0.0002964564732142857,-0.00390625,0.29464285714285715
dense,dense/adamw-lr1e-5/checkpoint-2345,adamw,224,0.001,-0.009796972547844365,0.24208370447158803,0.3887954103946689,0.5803571428571429,0.0006365094866071429,-0.0078125,0.38839285714285715
dense,dense/adamw-lr1e-5/checkpoint-2345,muon,224,0.001,-0.01712246472516199,0.08268593847751615,0.1838447666168213,0.5982142857142857,0.0009504045758928571,-0.00390625,0.36607142857142855
dense,dense/adamw-lr1e-5/checkpoint-2345,normuon,224,0.001,-0.01511502853626163,0.07508084177970885,0.11742253065109265,0.5491071428571429,0.0006190708705357143,-0.00390625,0.33482142857142855
dense,dense/adamw-lr1e-5/checkpoint-3907,adamw,224,0.001,-0.010885764762113987,0.17560735940933223,0.45002119421958997,0.5625,0.0004970005580357143,-0.0078125,0.39732142857142855
dense,dense/adamw-lr1e-5/checkpoint-3907,muon,224,0.001,-0.012452679829591164,0.09858150482177734,0.17473520100116766,0.5758928571428571,0.0005057198660714286,-0.00390625,0.34375
dense,dense/adamw-lr1e-5/checkpoint-3907,normuon,224,0.001,-0.008544740786711762,0.10476195216178895,0.19851925075054236,0.5892857142857143,0.00030517578125,-0.00390625,0.32589285714285715
dense,dense/muon-lr1e-3/checkpoint-782,adamw,224,0.001,-0.002606982130730882,0.11339952647686002,0.23953485369682342,0.4375,0.00014822823660714285,-0.0078125,0.3080357142857143
dense,dense/muon-lr1e-3/checkpoint-782,muon,224,0.001,0.005705589719842205,0.12553935050964354,0.20875692129135143,0.4642857142857143,0.0,-0.00390625,0.26339285714285715
dense,dense/muon-lr1e-3/checkpoint-782,normuon,224,0.001,0.0007331749641577647,0.0997147440910339,0.16286543369293222,0.48660714285714285,0.00019182477678571428,-0.00390625,0.24107142857142858
dense,dense/muon-lr1e-3/checkpoint-2345,adamw,224,0.001,-0.016917004871434722,0.10093282163143155,0.17592033982276928,0.65625,0.0013253348214285715,-0.00390625,0.4107142857142857
dense,dense/muon-lr1e-3/checkpoint-2345,muon,224,0.001,-0.008297160358389582,0.09961314797401424,0.16930186927318602,0.6205357142857143,0.00048828125,-0.00390625,0.29464285714285715
dense,dense/muon-lr1e-3/checkpoint-2345,normuon,224,0.001,-0.007620306643860074,0.0949280023574829,0.13637638568878177,0.6071428571428571,0.0005318777901785714,-0.00390625,0.29910714285714285
dense,dense/muon-lr1e-3/checkpoint-3907,adamw,224,0.001,-0.003271885865355476,0.11487225592136381,0.18468724846839915,0.6116071428571429,0.0007062639508928571,-0.00390625,0.3482142857142857
dense,dense/muon-lr1e-3/checkpoint-3907,muon,224,0.001,-0.007467658847417624,0.08593987226486205,0.1747184985876087,0.625,0.0007062639508928571,-0.00390625,0.32589285714285715
dense,dense/muon-lr1e-3/checkpoint-3907,normuon,224,0.001,-0.005713130063278575,0.10577649474143977,0.15124437332153326,0.6205357142857143,0.0007149832589285714,-0.00390625,0.35267857142857145
dense,dense/normuon-lr1e-3/checkpoint-782,adamw,224,0.001,-0.016591804175472395,0.11657311767339701,0.1751629114151002,0.53125,0.0006016322544642857,-0.0078125,0.29910714285714285
dense,dense/normuon-lr1e-3/checkpoint-782,muon,224,0.001,-0.01042881937987009,0.09432328045368193,0.17247619271278405,0.5223214285714286,0.0003662109375,-0.00390625,0.3125
dense,dense/normuon-lr1e-3/checkpoint-782,normuon,224,0.001,-0.009093288396408232,0.07571895718574523,0.16429939508438113,0.5178571428571429,0.000244140625,-0.00390625,0.2544642857142857
dense,dense/normuon-lr1e-3/checkpoint-2345,adamw,224,0.001,-0.025050413106068196,0.07604330182075497,0.14968921124935178,0.6964285714285714,0.001953125,-0.00390625,0.45535714285714285
dense,dense/normuon-lr1e-3/checkpoint-2345,muon,224,0.001,-0.013483519731770295,0.0733784809708595,0.10714907616376884,0.6294642857142857,0.0009329659598214286,-0.00390625,0.375
dense,dense/normuon-lr1e-3/checkpoint-2345,normuon,224,0.001,-0.013568421100379575,0.06874456554651256,0.1172837322950364,0.6071428571428571,0.0008283342633928571,-0.00390625,0.36607142857142855
dense,dense/normuon-lr1e-3/checkpoint-3907,adamw,224,0.001,-0.006164477542240222,0.12263655215501781,0.2166129803657533,0.6294642857142857,0.0013253348214285715,-0.00390625,0.4419642857142857
dense,dense/normuon-lr1e-3/checkpoint-3907,muon,224,0.001,-0.0039115718185972325,0.09700728654861442,0.21022380709648136,0.6205357142857143,0.0007760184151785714,-0.00390625,0.35714285714285715
dense,dense/normuon-lr1e-3/checkpoint-3907,normuon,224,0.001,-0.0038454003991189112,0.07838220894336699,0.13618090033531194,0.6428571428571429,0.0006190708705357143,-0.00390625,0.3392857142857143
