model_family,optimizer,learning_rate,run_id,stage,fraction,checkpoint_step,observed_step,window_start_step,window_observations,mean_loss,loss_standard_deviation,median_grad_norm,end_learning_rate,end_epoch
dense,muon,0.0001,muon-lr1e-4,1,0.2,782,780,690,10,0.4342639875411987,0.011607147006688728,0.8894191980361938,8.896473265073949e-05,0.19968
dense,muon,0.0001,muon-lr1e-4,2,0.4,1563,1560,1470,10,0.34961589574813845,0.009605468785010864,0.8038949966430664,6.678043230944255e-05,0.39936
dense,muon,0.0001,muon-lr1e-4,3,0.6,2345,2340,2250,10,0.31715381383895874,0.01628492787686191,0.7622844576835632,4.4596131968145624e-05,0.59904
dense,muon,0.0001,muon-lr1e-4,4,0.8,3126,3120,3030,10,0.2903654217720032,0.020860593838288234,0.7263204753398895,2.2411831626848694e-05,0.79872
dense,muon,0.0001,muon-lr1e-4,5,1.0,3907,3900,3810,10,0.29984444856643677,0.019181508631461792,0.7078780829906464,2.2753128555176338e-07,0.9984
dense,muon,0.0003,muon-lr3e-4,1,0.2,782,780,690,10,0.3388431763648987,0.013159242875801674,0.7598835825920105,0.0002668941979522184,0.19968
dense,muon,0.0003,muon-lr3e-4,2,0.4,1563,1560,1470,10,0.28729246139526365,0.011646149557000033,0.6966418027877808,0.00020034129692832764,0.39936
dense,muon,0.0003,muon-lr3e-4,3,0.6,2345,2340,2250,10,0.26514577865600586,0.016082906492830937,0.6766749918460846,0.00013378839590443684,0.59904
dense,muon,0.0003,muon-lr3e-4,4,0.8,3126,3120,3030,10,0.23670892477035524,0.017728473228374755,0.6359519362449646,6.723549488054606e-05,0.79872
dense,muon,0.0003,muon-lr3e-4,5,1.0,3907,3900,3810,10,0.24604958295822144,0.018546298262341856,0.6210119426250458,6.8259385665529e-07,0.9984
dense,muon,0.001,muon-lr1e-3,1,0.2,782,780,690,10,0.3558432936668396,0.01849609726681779,0.6804797947406769,0.0008896473265073947,0.19968
dense,muon,0.001,muon-lr1e-3,2,0.4,1563,1560,1470,10,0.3231599116325378,0.019262622721908006,0.6344665288925171,0.0006678043230944255,0.39936
dense,muon,0.001,muon-lr1e-3,3,0.6,2345,2340,2250,10,0.2873372006416321,0.013219126162699409,0.6178793609142303,0.0004459613196814562,0.59904
dense,muon,0.001,muon-lr1e-3,4,0.8,3126,3120,3030,10,0.2462471079826355,0.018340229881346915,0.6004792749881744,0.00022411831626848692,0.79872
dense,muon,0.001,muon-lr1e-3,5,1.0,3907,3900,3810,10,0.2464103889465332,0.01582915870741914,0.5292640030384064,2.2753128555176335e-06,0.9984
dense,muon,0.003,muon-lr3e-3,1,0.2,782,780,690,10,0.6087094736099243,0.020946973462818895,0.7137297689914703,0.0026689419795221845,0.19968
dense,muon,0.003,muon-lr3e-3,2,0.4,1563,1560,1470,10,0.5675131607055663,0.02850518385709816,0.6421042382717133,0.0020034129692832765,0.39936
dense,muon,0.003,muon-lr3e-3,3,0.6,2345,2340,2250,10,0.4914026069641113,0.01706553194056772,0.5773651003837585,0.0013378839590443687,0.59904
dense,muon,0.003,muon-lr3e-3,4,0.8,3126,3120,3030,10,0.40405524969100953,0.02582360704393495,0.5838266611099243,0.0006723549488054607,0.79872
dense,muon,0.003,muon-lr3e-3,5,1.0,3907,3900,3810,10,0.3670259761810303,0.015531836716556535,0.550643116235733,6.8259385665529e-06,0.9984
dense,adamw,1e-06,adamw-lr1e-6,1,0.2,782,780,690,10,0.7871864128112793,0.02716560595811531,1.513141393661499,8.896473265073947e-07,0.19968
dense,adamw,1e-06,adamw-lr1e-6,2,0.4,1563,1560,1470,10,0.6482533693313599,0.020292596261462563,1.256177306175232,6.678043230944254e-07,0.39936
dense,adamw,1e-06,adamw-lr1e-6,3,0.6,2345,2340,2250,10,0.5724812030792237,0.02815573505941325,1.1191264390945435,4.459613196814562e-07,0.59904
dense,adamw,1e-06,adamw-lr1e-6,4,0.8,3126,3120,3030,10,0.5357206583023071,0.018678319058278426,1.0611892342567444,2.241183162684869e-07,0.79872
dense,adamw,1e-06,adamw-lr1e-6,5,1.0,3907,3900,3810,10,0.5428408765792847,0.02766103392631574,1.051082730293274,2.2753128555176336e-09,0.9984
dense,adamw,3e-06,adamw-lr3e-6,1,0.2,782,780,690,10,0.5766511201858521,0.01585500530334054,1.114601492881775,2.6689419795221843e-06,0.19968
dense,adamw,3e-06,adamw-lr3e-6,2,0.4,1563,1560,1470,10,0.46317563533782957,0.012960544134966558,0.9601569771766663,2.0034129692832767e-06,0.39936
dense,adamw,3e-06,adamw-lr3e-6,3,0.6,2345,2340,2250,10,0.41634552001953123,0.022470600492033796,0.8426092267036438,1.3378839590443685e-06,0.59904
dense,adamw,3e-06,adamw-lr3e-6,4,0.8,3126,3120,3030,10,0.3901086187362671,0.021483491281590016,0.7995907068252563,6.723549488054607e-07,0.79872
dense,adamw,3e-06,adamw-lr3e-6,5,1.0,3907,3900,3810,10,0.3975953412055969,0.022049746527574226,0.8463875651359558,6.825938566552901e-09,0.9984
dense,adamw,1e-05,adamw-lr1e-5,1,0.2,782,780,690,10,0.4163963222503662,0.011526255579912258,0.842109352350235,8.896473265073948e-06,0.19968
dense,adamw,1e-05,adamw-lr1e-5,2,0.4,1563,1560,1470,10,0.35126471042633056,0.010832517367307913,0.8150576949119568,6.678043230944255e-06,0.39936
dense,adamw,1e-05,adamw-lr1e-5,3,0.6,2345,2340,2250,10,0.3215904092788696,0.01818770357382631,0.7462594509124756,4.459613196814562e-06,0.59904
dense,adamw,1e-05,adamw-lr1e-5,4,0.8,3126,3120,3030,10,0.29618985176086426,0.021434452648476442,0.7173074781894684,2.2411831626848693e-06,0.79872
dense,adamw,1e-05,adamw-lr1e-5,5,1.0,3907,3900,3810,10,0.3068313813209534,0.019665748805475773,0.722529262304306,2.2753128555176337e-08,0.9984
dense,adamw,3e-05,adamw-lr3e-5,1,0.2,782,780,690,10,0.34475807428359984,0.01225066919519015,0.7368581295013428,2.6689419795221844e-05,0.19968
dense,adamw,3e-05,adamw-lr3e-5,2,0.4,1563,1560,1470,10,0.29748628616333006,0.01173789099233191,0.6988524794578552,2.0034129692832765e-05,0.39936
dense,adamw,3e-05,adamw-lr3e-5,3,0.6,2345,2340,2250,10,0.2756471872329712,0.016348712482963518,0.6783149838447571,1.3378839590443686e-05,0.59904
dense,adamw,3e-05,adamw-lr3e-5,4,0.8,3126,3120,3030,10,0.24671382427215577,0.0181038936828546,0.6605776250362396,6.723549488054607e-06,0.79872
dense,adamw,3e-05,adamw-lr3e-5,5,1.0,3907,3900,3810,10,0.2572331738471985,0.019295301910326666,0.6477819681167603,6.8259385665529e-08,0.9984
dense,normuon,0.0001,normuon-lr1e-4,1,0.2,782,780,690,10,0.4468291473388672,0.010658638101684268,0.8946717083454132,8.896473265073949e-05,0.19968
dense,normuon,0.0001,normuon-lr1e-4,2,0.4,1563,1560,1470,10,0.3563749098777771,0.009671612174200872,0.8191555440425873,6.678043230944255e-05,0.39936
dense,normuon,0.0001,normuon-lr1e-4,3,0.6,2345,2340,2250,10,0.3226053786277771,0.017200270649819247,0.7529533803462982,4.4596131968145624e-05,0.59904
dense,normuon,0.0001,normuon-lr1e-4,4,0.8,3126,3120,3030,10,0.29629905939102175,0.020724900841296023,0.7209197878837585,2.2411831626848694e-05,0.79872
dense,normuon,0.0001,normuon-lr1e-4,5,1.0,3907,3900,3810,10,0.3052745771408081,0.019485431791060236,0.6887970566749573,2.2753128555176338e-07,0.9984
dense,normuon,0.0003,normuon-lr3e-4,1,0.2,782,780,690,10,0.3427032995223999,0.013572226728125247,0.7617266774177551,0.0002668941979522184,0.19968
dense,normuon,0.0003,normuon-lr3e-4,2,0.4,1563,1560,1470,10,0.2884157395362854,0.010779450050922068,0.7162207961082458,0.00020034129692832764,0.39936
dense,normuon,0.0003,normuon-lr3e-4,3,0.6,2345,2340,2250,10,0.2676014566421509,0.016099400563605853,0.6744736135005951,0.00013378839590443684,0.59904
dense,normuon,0.0003,normuon-lr3e-4,4,0.8,3126,3120,3030,10,0.2386872363090515,0.01836683456698324,0.643103688955307,6.723549488054606e-05,0.79872
dense,normuon,0.0003,normuon-lr3e-4,5,1.0,3907,3900,3810,10,0.24826036930084228,0.018670661090079522,0.6300455927848816,6.8259385665529e-07,0.9984
dense,normuon,0.001,normuon-lr1e-3,1,0.2,782,780,690,10,0.3465546631813049,0.01824105805740515,0.6912396848201752,0.0008896473265073947,0.19968
dense,normuon,0.001,normuon-lr1e-3,2,0.4,1563,1560,1470,10,0.3129616332054138,0.018018497835027993,0.6335065364837646,0.0006678043230944255,0.39936
dense,normuon,0.001,normuon-lr1e-3,3,0.6,2345,2340,2250,10,0.2800577998161316,0.01200562321830122,0.6186089217662811,0.0004459613196814562,0.59904
dense,normuon,0.001,normuon-lr1e-3,4,0.8,3126,3120,3030,10,0.24166203498840333,0.01667376959924818,0.5835085511207581,0.00022411831626848692,0.79872
dense,normuon,0.001,normuon-lr1e-3,5,1.0,3907,3900,3810,10,0.24268772363662722,0.016883597634154285,0.5218740999698639,2.2753128555176335e-06,0.9984
dense,normuon,0.003,normuon-lr3e-3,1,0.2,782,780,690,10,0.5693739604949951,0.02242402749455267,0.6741524934768677,0.0026689419795221845,0.19968
dense,normuon,0.003,normuon-lr3e-3,2,0.4,1563,1560,1470,10,0.5309138441085816,0.01959113448332926,0.6640121638774872,0.0020034129692832765,0.39936
dense,normuon,0.003,normuon-lr3e-3,3,0.6,2345,2340,2250,10,0.46436917781829834,0.022390313225392262,0.6092289388179779,0.0013378839590443687,0.59904
dense,normuon,0.003,normuon-lr3e-3,4,0.8,3126,3120,3030,10,0.3803320598602295,0.024450135487808628,0.56155925989151,0.0006723549488054607,0.79872
dense,normuon,0.003,normuon-lr3e-3,5,1.0,3907,3900,3810,10,0.35507649898529053,0.018611564368953035,0.5614540576934814,6.8259385665529e-06,0.9984
late,muon,0.0001,muon-lr1e-4,1,0.2,782,780,690,10,0.3923322582244873,0.02345050807490902,0.6925159394741058,8.896473265073949e-05,0.19968
late,muon,0.0001,muon-lr1e-4,2,0.4,1563,1560,1470,10,0.30790799856185913,0.016966258249565075,0.6423036456108093,6.678043230944255e-05,0.39936
late,muon,0.0001,muon-lr1e-4,3,0.6,2345,2340,2250,10,0.28146282196044925,0.015272921213575225,0.5901330411434174,4.4596131968145624e-05,0.59904
late,muon,0.0001,muon-lr1e-4,4,0.8,3126,3120,3030,10,0.2569072437286377,0.026643103303658284,0.6135443150997162,2.2411831626848694e-05,0.79872
late,muon,0.0001,muon-lr1e-4,5,1.0,3907,3900,3810,10,0.27368512392044064,0.022746392644332748,0.6160585880279541,2.2753128555176338e-07,0.9984
late,muon,0.0003,muon-lr3e-4,1,0.2,782,780,690,10,0.307237823009491,0.021106240927745032,0.6028103232383728,0.0002668941979522184,0.19968
late,muon,0.0003,muon-lr3e-4,2,0.4,1563,1560,1470,10,0.2510396432876587,0.014397458542754626,0.6416480243206024,0.00020034129692832764,0.39936
late,muon,0.0003,muon-lr3e-4,3,0.6,2345,2340,2250,10,0.22775286436080933,0.01525435117138787,0.5596491396427155,0.00013378839590443684,0.59904
late,muon,0.0003,muon-lr3e-4,4,0.8,3126,3120,3030,10,0.20186519861221314,0.022462436018045966,0.55397629737854,6.723549488054606e-05,0.79872
late,muon,0.0003,muon-lr3e-4,5,1.0,3907,3900,3810,10,0.2141183638572693,0.02013341301743344,0.5287900269031525,6.8259385665529e-07,0.9984
late,muon,0.001,muon-lr1e-3,1,0.2,782,780,690,10,0.30014327049255374,0.019088639713845133,0.49823296070098877,0.0008896473265073947,0.19968
late,muon,0.001,muon-lr1e-3,2,0.4,1563,1560,1470,10,0.2553229737281799,0.019446964239036014,0.5693026781082153,0.0006678043230944255,0.39936
late,muon,0.001,muon-lr1e-3,3,0.6,2345,2340,2250,10,0.22727020502090453,0.015811390794838932,0.5090525597333908,0.0004459613196814562,0.59904
late,muon,0.001,muon-lr1e-3,4,0.8,3126,3120,3030,10,0.19202725052833558,0.016130915933835577,0.49158166348934174,0.00022411831626848692,0.79872
late,muon,0.001,muon-lr1e-3,5,1.0,3907,3900,3810,10,0.19931559920310973,0.020564160948178017,0.48989473283290863,2.2753128555176335e-06,0.9984
late,muon,0.003,muon-lr3e-3,1,0.2,782,780,690,10,0.43943052291870116,0.018527452341308016,0.49004538357257843,0.0026689419795221845,0.19968
late,muon,0.003,muon-lr3e-3,2,0.4,1563,1560,1470,10,0.374552481174469,0.02079460472961287,0.4707517772912979,0.0020034129692832765,0.39936
late,muon,0.003,muon-lr3e-3,3,0.6,2345,2340,2250,10,0.3337261748313904,0.011920327182018749,0.4394845962524414,0.0013378839590443687,0.59904
late,muon,0.003,muon-lr3e-3,4,0.8,3126,3120,3030,10,0.27560903787612917,0.018874654058001476,0.44568222761154175,0.0006723549488054607,0.79872
late,muon,0.003,muon-lr3e-3,5,1.0,3907,3900,3810,10,0.2550277495384216,0.01732488424856519,0.3982352912425995,6.8259385665529e-06,0.9984
late,adamw,1e-06,adamw-lr1e-6,1,0.2,782,780,690,10,0.6948980903625488,0.03907880111267873,1.2967091798782349,8.896473265073947e-07,0.19968
late,adamw,1e-06,adamw-lr1e-6,2,0.4,1563,1560,1470,10,0.5418621206283569,0.027500228958256077,1.0762136578559875,6.678043230944254e-07,0.39936
late,adamw,1e-06,adamw-lr1e-6,3,0.6,2345,2340,2250,10,0.4749212455749512,0.022459112747883703,0.8342225551605225,4.459613196814562e-07,0.59904
late,adamw,1e-06,adamw-lr1e-6,4,0.8,3126,3120,3030,10,0.44414736509323116,0.031037721553689872,0.8217006027698517,2.241183162684869e-07,0.79872
late,adamw,1e-06,adamw-lr1e-6,5,1.0,3907,3900,3810,10,0.465772385597229,0.026784181556335926,0.8772971034049988,2.2753128555176336e-09,0.9984
late,adamw,3e-06,adamw-lr3e-6,1,0.2,782,780,690,10,0.49803656578063965,0.025800783237190365,0.8213153779506683,2.6689419795221843e-06,0.19968
late,adamw,3e-06,adamw-lr3e-6,2,0.4,1563,1560,1470,10,0.4055020833015442,0.019903134235775208,0.7357077598571777,2.0034129692832767e-06,0.39936
late,adamw,3e-06,adamw-lr3e-6,3,0.6,2345,2340,2250,10,0.36715016841888426,0.013737513582492932,0.6348751485347748,1.3378839590443685e-06,0.59904
late,adamw,3e-06,adamw-lr3e-6,4,0.8,3126,3120,3030,10,0.34164710521698,0.02765999367741308,0.6441304087638855,6.723549488054607e-07,0.79872
late,adamw,3e-06,adamw-lr3e-6,5,1.0,3907,3900,3810,10,0.36003321170806885,0.02583611573512797,0.6954613029956818,6.825938566552901e-09,0.9984
late,adamw,1e-05,adamw-lr1e-5,1,0.2,782,780,690,10,0.38135581254959106,0.02031724842193686,0.6323639154434204,8.896473265073948e-06,0.19968
late,adamw,1e-05,adamw-lr1e-5,2,0.4,1563,1560,1470,10,0.31279750108718873,0.017359773411737854,0.6413976848125458,6.678043230944255e-06,0.39936
late,adamw,1e-05,adamw-lr1e-5,3,0.6,2345,2340,2250,10,0.2875770354270935,0.014369203052615794,0.5997364521026611,4.459613196814562e-06,0.59904
late,adamw,1e-05,adamw-lr1e-5,4,0.8,3126,3120,3030,10,0.26272517681121826,0.026611456531118186,0.6161137819290161,2.2411831626848693e-06,0.79872
late,adamw,1e-05,adamw-lr1e-5,5,1.0,3907,3900,3810,10,0.2797796559333801,0.023303043165238048,0.6180573403835297,2.2753128555176337e-08,0.9984
late,adamw,3e-05,adamw-lr3e-5,1,0.2,782,780,690,10,0.3181724739074707,0.020358864375410873,0.5500821471214294,2.6689419795221844e-05,0.19968
late,adamw,3e-05,adamw-lr3e-5,2,0.4,1563,1560,1470,10,0.26544461011886594,0.016201810339196227,0.6303118169307709,2.0034129692832765e-05,0.39936
late,adamw,3e-05,adamw-lr3e-5,3,0.6,2345,2340,2250,10,0.23813414812088013,0.015265244781985826,0.5580018758773804,1.3378839590443686e-05,0.59904
late,adamw,3e-05,adamw-lr3e-5,4,0.8,3126,3120,3030,10,0.21284051656723024,0.02259448487092921,0.5683286786079407,6.723549488054607e-06,0.79872
late,adamw,3e-05,adamw-lr3e-5,5,1.0,3907,3900,3810,10,0.22429708480834962,0.022278476861625828,0.5392686128616333,6.8259385665529e-08,0.9984
late,normuon,0.0001,normuon-lr1e-4,1,0.2,782,780,690,10,0.40167673587799074,0.024563804484909416,0.6998575627803802,8.896473265073949e-05,0.19968
late,normuon,0.0001,normuon-lr1e-4,2,0.4,1563,1560,1470,10,0.3134143924713135,0.017485921810755495,0.6437417566776276,6.678043230944255e-05,0.39936
late,normuon,0.0001,normuon-lr1e-4,3,0.6,2345,2340,2250,10,0.28628977060317995,0.01578335423462146,0.5990833342075348,4.4596131968145624e-05,0.59904
late,normuon,0.0001,normuon-lr1e-4,4,0.8,3126,3120,3030,10,0.26114357471466065,0.026863760462703758,0.6076379716396332,2.2411831626848694e-05,0.79872
late,normuon,0.0001,normuon-lr1e-4,5,1.0,3907,3900,3810,10,0.27773293256759646,0.02331764977718846,0.6143283545970917,2.2753128555176338e-07,0.9984
late,normuon,0.0003,normuon-lr3e-4,1,0.2,782,780,690,10,0.31053001642227174,0.02114355855705327,0.6149447858333588,0.0002668941979522184,0.19968
late,normuon,0.0003,normuon-lr3e-4,2,0.4,1563,1560,1470,10,0.25327571868896487,0.014344819024738591,0.649358332157135,0.00020034129692832764,0.39936
late,normuon,0.0003,normuon-lr3e-4,3,0.6,2345,2340,2250,10,0.22990782260894774,0.01693081927186055,0.576644629240036,0.00013378839590443684,0.59904
late,normuon,0.0003,normuon-lr3e-4,4,0.8,3126,3120,3030,10,0.20452921867370605,0.02231840281240823,0.5545696914196014,6.723549488054606e-05,0.79872
late,normuon,0.0003,normuon-lr3e-4,5,1.0,3907,3900,3810,10,0.2165149736404419,0.02046057855238563,0.535101592540741,6.8259385665529e-07,0.9984
late,normuon,0.001,normuon-lr1e-3,1,0.2,782,780,690,10,0.29362131834030153,0.01754064152656831,0.4989289343357086,0.0008896473265073947,0.19968
late,normuon,0.001,normuon-lr1e-3,2,0.4,1563,1560,1470,10,0.2519487643241882,0.018725169349561425,0.5606552958488464,0.0006678043230944255,0.39936
late,normuon,0.001,normuon-lr1e-3,3,0.6,2345,2340,2250,10,0.22335500478744508,0.01424351784362159,0.4915814697742462,0.0004459613196814562,0.59904
late,normuon,0.001,normuon-lr1e-3,4,0.8,3126,3120,3030,10,0.1878281593322754,0.015401279420367477,0.48360662162303925,0.00022411831626848692,0.79872
late,normuon,0.001,normuon-lr1e-3,5,1.0,3907,3900,3810,10,0.1965446138381958,0.017882900391802792,0.44025661051273346,2.2753128555176335e-06,0.9984
late,normuon,0.003,normuon-lr3e-3,1,0.2,782,780,690,10,0.41237741470336914,0.02075892091514826,0.4993787705898285,0.0026689419795221845,0.19968
late,normuon,0.003,normuon-lr3e-3,2,0.4,1563,1560,1470,10,0.36420670986175535,0.01671867798684595,0.4756249636411667,0.0020034129692832765,0.39936
late,normuon,0.003,normuon-lr3e-3,3,0.6,2345,2340,2250,10,0.3136364793777466,0.01709397028719529,0.41320207715034485,0.0013378839590443687,0.59904
late,normuon,0.003,normuon-lr3e-3,4,0.8,3126,3120,3030,10,0.2588917112350464,0.01832480009994825,0.4515291601419449,0.0006723549488054607,0.79872
late,normuon,0.003,normuon-lr3e-3,5,1.0,3907,3900,3810,10,0.24898350954055787,0.026897938065460234,0.38806742429733276,6.8259385665529e-06,0.9984
