model_family,optimizer,baseline,treatment_run_id,baseline_run_id,stage,fraction,task,treatment_ndcg_at_10,baseline_ndcg_at_10,delta
dense,muon,adamw,muon-lr3e-4,adamw-lr3e-5,1,0.2,ArguAna,0.58466,0.58446,0.00019999999999997797
dense,muon,adamw,muon-lr3e-4,adamw-lr3e-5,1,0.2,ClimateFEVER,0.37808,0.3708,0.007280000000000009
dense,muon,adamw,muon-lr3e-4,adamw-lr3e-5,1,0.2,DBPedia,0.27192,0.26996,0.0019600000000000173
dense,muon,adamw,muon-lr3e-4,adamw-lr3e-5,1,0.2,FEVER,0.91466,0.91022,0.0044399999999999995
dense,muon,adamw,muon-lr3e-4,adamw-lr3e-5,1,0.2,FiQA2018,0.51691,0.50736,0.009549999999999947
dense,muon,adamw,muon-lr3e-4,adamw-lr3e-5,1,0.2,HotpotQA,0.66824,0.67123,-0.002990000000000048
dense,muon,adamw,muon-lr3e-4,adamw-lr3e-5,1,0.2,MSMARCO,0.55609,0.55495,0.0011399999999999189
dense,muon,adamw,muon-lr3e-4,adamw-lr3e-5,1,0.2,NFCorpus,0.28747,0.28671,0.0007599999999999829
dense,muon,adamw,muon-lr3e-4,adamw-lr3e-5,1,0.2,NQ,0.92545,0.92545,0.0
dense,muon,adamw,muon-lr3e-4,adamw-lr3e-5,1,0.2,QuoraRetrieval,0.91482,0.91385,0.0009699999999999154
dense,muon,adamw,muon-lr3e-4,adamw-lr3e-5,1,0.2,SCIDOCS,0.14827,0.14891,-0.0006399999999999739
dense,muon,adamw,muon-lr3e-4,adamw-lr3e-5,1,0.2,SciFact,0.89886,0.88021,0.018649999999999944
dense,muon,adamw,muon-lr3e-4,adamw-lr3e-5,1,0.2,TRECCOVID,0.83275,0.83024,0.0025100000000000122
dense,muon,adamw,muon-lr3e-4,adamw-lr3e-5,1,0.2,Touche2020,0.33697,0.33498,0.0019899999999999918
dense,muon,adamw,muon-lr3e-4,adamw-lr3e-5,2,0.4,ArguAna,0.56491,0.56495,-3.999999999992898e-05
dense,muon,adamw,muon-lr3e-4,adamw-lr3e-5,2,0.4,ClimateFEVER,0.41139,0.40626,0.005129999999999968
dense,muon,adamw,muon-lr3e-4,adamw-lr3e-5,2,0.4,DBPedia,0.27592,0.27463,0.0012900000000000134
dense,muon,adamw,muon-lr3e-4,adamw-lr3e-5,2,0.4,FEVER,0.9171,0.91497,0.0021300000000000763
dense,muon,adamw,muon-lr3e-4,adamw-lr3e-5,2,0.4,FiQA2018,0.54364,0.53532,0.008319999999999994
dense,muon,adamw,muon-lr3e-4,adamw-lr3e-5,2,0.4,HotpotQA,0.67418,0.67488,-0.0007000000000000339
dense,muon,adamw,muon-lr3e-4,adamw-lr3e-5,2,0.4,MSMARCO,0.56628,0.5635,0.0027800000000000047
dense,muon,adamw,muon-lr3e-4,adamw-lr3e-5,2,0.4,NFCorpus,0.28667,0.28919,-0.0025200000000000222
dense,muon,adamw,muon-lr3e-4,adamw-lr3e-5,2,0.4,NQ,0.93964,0.92545,0.014190000000000036
dense,muon,adamw,muon-lr3e-4,adamw-lr3e-5,2,0.4,QuoraRetrieval,0.91147,0.91135,0.00012000000000000899
dense,muon,adamw,muon-lr3e-4,adamw-lr3e-5,2,0.4,SCIDOCS,0.14364,0.14681,-0.003170000000000006
dense,muon,adamw,muon-lr3e-4,adamw-lr3e-5,2,0.4,SciFact,0.87778,0.86402,0.013759999999999994
dense,muon,adamw,muon-lr3e-4,adamw-lr3e-5,2,0.4,TRECCOVID,0.83256,0.83012,0.0024399999999999977
dense,muon,adamw,muon-lr3e-4,adamw-lr3e-5,2,0.4,Touche2020,0.3439,0.3467,-0.0028000000000000247
dense,muon,adamw,muon-lr3e-4,adamw-lr3e-5,3,0.6,ArguAna,0.56615,0.56731,-0.0011599999999999389
dense,muon,adamw,muon-lr3e-4,adamw-lr3e-5,3,0.6,ClimateFEVER,0.40899,0.39934,0.009650000000000047
dense,muon,adamw,muon-lr3e-4,adamw-lr3e-5,3,0.6,DBPedia,0.2769,0.27616,0.0007399999999999629
dense,muon,adamw,muon-lr3e-4,adamw-lr3e-5,3,0.6,FEVER,0.91894,0.91637,0.002569999999999961
dense,muon,adamw,muon-lr3e-4,adamw-lr3e-5,3,0.6,FiQA2018,0.54704,0.54382,0.0032200000000000006
dense,muon,adamw,muon-lr3e-4,adamw-lr3e-5,3,0.6,HotpotQA,0.67368,0.67178,0.0018999999999999018
dense,muon,adamw,muon-lr3e-4,adamw-lr3e-5,3,0.6,MSMARCO,0.56946,0.56545,0.004009999999999958
dense,muon,adamw,muon-lr3e-4,adamw-lr3e-5,3,0.6,NFCorpus,0.28734,0.28775,-0.00041000000000002146
dense,muon,adamw,muon-lr3e-4,adamw-lr3e-5,3,0.6,NQ,0.93964,0.92545,0.014190000000000036
dense,muon,adamw,muon-lr3e-4,adamw-lr3e-5,3,0.6,QuoraRetrieval,0.9123,0.91176,0.0005399999999999849
dense,muon,adamw,muon-lr3e-4,adamw-lr3e-5,3,0.6,SCIDOCS,0.1474,0.14696,0.00043999999999999595
dense,muon,adamw,muon-lr3e-4,adamw-lr3e-5,3,0.6,SciFact,0.8775,0.87243,0.005069999999999908
dense,muon,adamw,muon-lr3e-4,adamw-lr3e-5,3,0.6,TRECCOVID,0.82689,0.82785,-0.0009599999999999609
dense,muon,adamw,muon-lr3e-4,adamw-lr3e-5,3,0.6,Touche2020,0.32497,0.32104,0.003929999999999989
dense,muon,adamw,muon-lr3e-4,adamw-lr3e-5,4,0.8,ArguAna,0.55195,0.5529,-0.0009499999999998954
dense,muon,adamw,muon-lr3e-4,adamw-lr3e-5,4,0.8,ClimateFEVER,0.41516,0.41085,0.0043099999999999805
dense,muon,adamw,muon-lr3e-4,adamw-lr3e-5,4,0.8,DBPedia,0.27964,0.27603,0.003610000000000002
dense,muon,adamw,muon-lr3e-4,adamw-lr3e-5,4,0.8,FEVER,0.92083,0.91864,0.0021900000000000253
dense,muon,adamw,muon-lr3e-4,adamw-lr3e-5,4,0.8,FiQA2018,0.54994,0.5371,0.012839999999999963
dense,muon,adamw,muon-lr3e-4,adamw-lr3e-5,4,0.8,HotpotQA,0.67733,0.67493,0.0023999999999999577
dense,muon,adamw,muon-lr3e-4,adamw-lr3e-5,4,0.8,MSMARCO,0.57141,0.56732,0.004089999999999927
dense,muon,adamw,muon-lr3e-4,adamw-lr3e-5,4,0.8,NFCorpus,0.28376,0.28805,-0.0042899999999999605
dense,muon,adamw,muon-lr3e-4,adamw-lr3e-5,4,0.8,NQ,0.93964,0.92545,0.014190000000000036
dense,muon,adamw,muon-lr3e-4,adamw-lr3e-5,4,0.8,QuoraRetrieval,0.91336,0.91179,0.0015699999999999603
dense,muon,adamw,muon-lr3e-4,adamw-lr3e-5,4,0.8,SCIDOCS,0.14723,0.14771,-0.0004800000000000082
dense,muon,adamw,muon-lr3e-4,adamw-lr3e-5,4,0.8,SciFact,0.87919,0.88115,-0.0019599999999999618
dense,muon,adamw,muon-lr3e-4,adamw-lr3e-5,4,0.8,TRECCOVID,0.82148,0.81964,0.0018399999999999528
dense,muon,adamw,muon-lr3e-4,adamw-lr3e-5,4,0.8,Touche2020,0.32795,0.32106,0.006890000000000007
dense,muon,adamw,muon-lr3e-4,adamw-lr3e-5,5,1.0,ArguAna,0.56201,0.56,0.0020099999999999563
dense,muon,adamw,muon-lr3e-4,adamw-lr3e-5,5,1.0,ClimateFEVER,0.41037,0.40586,0.004510000000000014
dense,muon,adamw,muon-lr3e-4,adamw-lr3e-5,5,1.0,DBPedia,0.27901,0.27755,0.0014599999999999613
dense,muon,adamw,muon-lr3e-4,adamw-lr3e-5,5,1.0,FEVER,0.92251,0.92053,0.001980000000000093
dense,muon,adamw,muon-lr3e-4,adamw-lr3e-5,5,1.0,FiQA2018,0.54474,0.5421,0.0026399999999999757
dense,muon,adamw,muon-lr3e-4,adamw-lr3e-5,5,1.0,HotpotQA,0.67866,0.67496,0.0037000000000000366
dense,muon,adamw,muon-lr3e-4,adamw-lr3e-5,5,1.0,MSMARCO,0.57118,0.56796,0.0032200000000000006
dense,muon,adamw,muon-lr3e-4,adamw-lr3e-5,5,1.0,NFCorpus,0.28401,0.28744,-0.0034299999999999886
dense,muon,adamw,muon-lr3e-4,adamw-lr3e-5,5,1.0,NQ,0.93964,0.92545,0.014190000000000036
dense,muon,adamw,muon-lr3e-4,adamw-lr3e-5,5,1.0,QuoraRetrieval,0.91306,0.9118,0.0012599999999999278
dense,muon,adamw,muon-lr3e-4,adamw-lr3e-5,5,1.0,SCIDOCS,0.14696,0.14774,-0.0007800000000000029
dense,muon,adamw,muon-lr3e-4,adamw-lr3e-5,5,1.0,SciFact,0.87919,0.8804,-0.0012099999999999334
dense,muon,adamw,muon-lr3e-4,adamw-lr3e-5,5,1.0,TRECCOVID,0.83006,0.83044,-0.00037999999999993594
dense,muon,adamw,muon-lr3e-4,adamw-lr3e-5,5,1.0,Touche2020,0.33093,0.32591,0.0050200000000000244
dense,normuon,adamw,normuon-lr3e-4,adamw-lr3e-5,1,0.2,ArguAna,0.58415,0.58446,-0.00031000000000003247
dense,normuon,adamw,normuon-lr3e-4,adamw-lr3e-5,1,0.2,ClimateFEVER,0.38016,0.3708,0.00935999999999998
dense,normuon,adamw,normuon-lr3e-4,adamw-lr3e-5,1,0.2,DBPedia,0.27095,0.26996,0.0009900000000000464
dense,normuon,adamw,normuon-lr3e-4,adamw-lr3e-5,1,0.2,FEVER,0.91471,0.91022,0.004489999999999994
dense,normuon,adamw,normuon-lr3e-4,adamw-lr3e-5,1,0.2,FiQA2018,0.51478,0.50736,0.007419999999999982
dense,normuon,adamw,normuon-lr3e-4,adamw-lr3e-5,1,0.2,HotpotQA,0.66927,0.67123,-0.0019599999999999618
dense,normuon,adamw,normuon-lr3e-4,adamw-lr3e-5,1,0.2,MSMARCO,0.55377,0.55495,-0.0011800000000000699
dense,normuon,adamw,normuon-lr3e-4,adamw-lr3e-5,1,0.2,NFCorpus,0.28668,0.28671,-3.0000000000030003e-05
dense,normuon,adamw,normuon-lr3e-4,adamw-lr3e-5,1,0.2,NQ,0.92545,0.92545,0.0
dense,normuon,adamw,normuon-lr3e-4,adamw-lr3e-5,1,0.2,QuoraRetrieval,0.915,0.91385,0.0011499999999999844
dense,normuon,adamw,normuon-lr3e-4,adamw-lr3e-5,1,0.2,SCIDOCS,0.15126,0.14891,0.0023500000000000187
dense,normuon,adamw,normuon-lr3e-4,adamw-lr3e-5,1,0.2,SciFact,0.89061,0.88021,0.010399999999999965
dense,normuon,adamw,normuon-lr3e-4,adamw-lr3e-5,1,0.2,TRECCOVID,0.83197,0.83024,0.0017300000000000093
dense,normuon,adamw,normuon-lr3e-4,adamw-lr3e-5,1,0.2,Touche2020,0.34461,0.33498,0.009630000000000027
dense,normuon,adamw,normuon-lr3e-4,adamw-lr3e-5,2,0.4,ArguAna,0.56713,0.56495,0.0021800000000000708
dense,normuon,adamw,normuon-lr3e-4,adamw-lr3e-5,2,0.4,ClimateFEVER,0.41248,0.40626,0.006220000000000003
dense,normuon,adamw,normuon-lr3e-4,adamw-lr3e-5,2,0.4,DBPedia,0.27397,0.27463,-0.0006599999999999939
dense,normuon,adamw,normuon-lr3e-4,adamw-lr3e-5,2,0.4,FEVER,0.91971,0.91497,0.0047400000000000775
dense,normuon,adamw,normuon-lr3e-4,adamw-lr3e-5,2,0.4,FiQA2018,0.53391,0.53532,-0.0014100000000000223
dense,normuon,adamw,normuon-lr3e-4,adamw-lr3e-5,2,0.4,HotpotQA,0.67377,0.67488,-0.0011100000000000554
dense,normuon,adamw,normuon-lr3e-4,adamw-lr3e-5,2,0.4,MSMARCO,0.56529,0.5635,0.0017899999999999583
dense,normuon,adamw,normuon-lr3e-4,adamw-lr3e-5,2,0.4,NFCorpus,0.28693,0.28919,-0.0022599999999999842
dense,normuon,adamw,normuon-lr3e-4,adamw-lr3e-5,2,0.4,NQ,0.93964,0.92545,0.014190000000000036
dense,normuon,adamw,normuon-lr3e-4,adamw-lr3e-5,2,0.4,QuoraRetrieval,0.91129,0.91135,-5.999999999994898e-05
dense,normuon,adamw,normuon-lr3e-4,adamw-lr3e-5,2,0.4,SCIDOCS,0.14588,0.14681,-0.0009299999999999864
dense,normuon,adamw,normuon-lr3e-4,adamw-lr3e-5,2,0.4,SciFact,0.87982,0.86402,0.015800000000000036
dense,normuon,adamw,normuon-lr3e-4,adamw-lr3e-5,2,0.4,TRECCOVID,0.83426,0.83012,0.0041400000000000325
dense,normuon,adamw,normuon-lr3e-4,adamw-lr3e-5,2,0.4,Touche2020,0.34666,0.3467,-3.999999999998449e-05
dense,normuon,adamw,normuon-lr3e-4,adamw-lr3e-5,3,0.6,ArguAna,0.56565,0.56731,-0.0016599999999999948
dense,normuon,adamw,normuon-lr3e-4,adamw-lr3e-5,3,0.6,ClimateFEVER,0.41285,0.39934,0.013510000000000022
dense,normuon,adamw,normuon-lr3e-4,adamw-lr3e-5,3,0.6,DBPedia,0.27892,0.27616,0.0027599999999999847
dense,normuon,adamw,normuon-lr3e-4,adamw-lr3e-5,3,0.6,FEVER,0.92029,0.91637,0.003920000000000035
dense,normuon,adamw,normuon-lr3e-4,adamw-lr3e-5,3,0.6,FiQA2018,0.55269,0.54382,0.008870000000000045
dense,normuon,adamw,normuon-lr3e-4,adamw-lr3e-5,3,0.6,HotpotQA,0.67352,0.67178,0.0017399999999999638
dense,normuon,adamw,normuon-lr3e-4,adamw-lr3e-5,3,0.6,MSMARCO,0.56745,0.56545,0.0020000000000000018
dense,normuon,adamw,normuon-lr3e-4,adamw-lr3e-5,3,0.6,NFCorpus,0.28723,0.28775,-0.0005200000000000204
dense,normuon,adamw,normuon-lr3e-4,adamw-lr3e-5,3,0.6,NQ,0.93964,0.92545,0.014190000000000036
dense,normuon,adamw,normuon-lr3e-4,adamw-lr3e-5,3,0.6,QuoraRetrieval,0.91331,0.91176,0.0015499999999999403
dense,normuon,adamw,normuon-lr3e-4,adamw-lr3e-5,3,0.6,SCIDOCS,0.14668,0.14696,-0.00028000000000000247
dense,normuon,adamw,normuon-lr3e-4,adamw-lr3e-5,3,0.6,SciFact,0.8775,0.87243,0.005069999999999908
dense,normuon,adamw,normuon-lr3e-4,adamw-lr3e-5,3,0.6,TRECCOVID,0.82786,0.82785,1.0000000000065512e-05
dense,normuon,adamw,normuon-lr3e-4,adamw-lr3e-5,3,0.6,Touche2020,0.33174,0.32104,0.010699999999999987
dense,normuon,adamw,normuon-lr3e-4,adamw-lr3e-5,4,0.8,ArguAna,0.55285,0.5529,-4.999999999999449e-05
dense,normuon,adamw,normuon-lr3e-4,adamw-lr3e-5,4,0.8,ClimateFEVER,0.42052,0.41085,0.009670000000000012
dense,normuon,adamw,normuon-lr3e-4,adamw-lr3e-5,4,0.8,DBPedia,0.27869,0.27603,0.0026599999999999957
dense,normuon,adamw,normuon-lr3e-4,adamw-lr3e-5,4,0.8,FEVER,0.92249,0.91864,0.00385000000000002
dense,normuon,adamw,normuon-lr3e-4,adamw-lr3e-5,4,0.8,FiQA2018,0.54575,0.5371,0.008649999999999936
dense,normuon,adamw,normuon-lr3e-4,adamw-lr3e-5,4,0.8,HotpotQA,0.67644,0.67493,0.0015100000000000113
dense,normuon,adamw,normuon-lr3e-4,adamw-lr3e-5,4,0.8,MSMARCO,0.56931,0.56732,0.0019899999999999363
dense,normuon,adamw,normuon-lr3e-4,adamw-lr3e-5,4,0.8,NFCorpus,0.28844,0.28805,0.00039000000000000146
dense,normuon,adamw,normuon-lr3e-4,adamw-lr3e-5,4,0.8,NQ,0.93964,0.92545,0.014190000000000036
dense,normuon,adamw,normuon-lr3e-4,adamw-lr3e-5,4,0.8,QuoraRetrieval,0.91134,0.91179,-0.00044999999999995044
dense,normuon,adamw,normuon-lr3e-4,adamw-lr3e-5,4,0.8,SCIDOCS,0.14689,0.14771,-0.0008200000000000152
dense,normuon,adamw,normuon-lr3e-4,adamw-lr3e-5,4,0.8,SciFact,0.88071,0.88115,-0.00043999999999999595
dense,normuon,adamw,normuon-lr3e-4,adamw-lr3e-5,4,0.8,TRECCOVID,0.83085,0.81964,0.011209999999999942
dense,normuon,adamw,normuon-lr3e-4,adamw-lr3e-5,4,0.8,Touche2020,0.33722,0.32106,0.016160000000000008
dense,normuon,adamw,normuon-lr3e-4,adamw-lr3e-5,5,1.0,ArguAna,0.56166,0.56,0.0016599999999999948
dense,normuon,adamw,normuon-lr3e-4,adamw-lr3e-5,5,1.0,ClimateFEVER,0.41402,0.40586,0.00816
dense,normuon,adamw,normuon-lr3e-4,adamw-lr3e-5,5,1.0,DBPedia,0.28106,0.27755,0.0035099999999999576
dense,normuon,adamw,normuon-lr3e-4,adamw-lr3e-5,5,1.0,FEVER,0.92348,0.92053,0.002950000000000008
dense,normuon,adamw,normuon-lr3e-4,adamw-lr3e-5,5,1.0,FiQA2018,0.54895,0.5421,0.006850000000000023
dense,normuon,adamw,normuon-lr3e-4,adamw-lr3e-5,5,1.0,HotpotQA,0.67766,0.67496,0.0027000000000000357
dense,normuon,adamw,normuon-lr3e-4,adamw-lr3e-5,5,1.0,MSMARCO,0.57072,0.56796,0.0027599999999999847
dense,normuon,adamw,normuon-lr3e-4,adamw-lr3e-5,5,1.0,NFCorpus,0.28622,0.28744,-0.0012199999999999989
dense,normuon,adamw,normuon-lr3e-4,adamw-lr3e-5,5,1.0,NQ,0.93964,0.92545,0.014190000000000036
dense,normuon,adamw,normuon-lr3e-4,adamw-lr3e-5,5,1.0,QuoraRetrieval,0.91318,0.9118,0.0013799999999999368
dense,normuon,adamw,normuon-lr3e-4,adamw-lr3e-5,5,1.0,SCIDOCS,0.14837,0.14774,0.0006299999999999917
dense,normuon,adamw,normuon-lr3e-4,adamw-lr3e-5,5,1.0,SciFact,0.87919,0.8804,-0.0012099999999999334
dense,normuon,adamw,normuon-lr3e-4,adamw-lr3e-5,5,1.0,TRECCOVID,0.82966,0.83044,-0.0007800000000000029
dense,normuon,adamw,normuon-lr3e-4,adamw-lr3e-5,5,1.0,Touche2020,0.3342,0.32591,0.00829000000000002
late,muon,adamw,muon-lr3e-4,adamw-lr3e-5,1,0.2,ArguAna,0.42927,0.42929,-2.0000000000020002e-05
late,muon,adamw,muon-lr3e-4,adamw-lr3e-5,1,0.2,ClimateFEVER,0.37927,0.36915,0.010120000000000018
late,muon,adamw,muon-lr3e-4,adamw-lr3e-5,1,0.2,DBPedia,0.3065,0.30714,-0.0006400000000000294
late,muon,adamw,muon-lr3e-4,adamw-lr3e-5,1,0.2,FEVER,0.9318,0.93171,8.999999999992347e-05
late,muon,adamw,muon-lr3e-4,adamw-lr3e-5,1,0.2,FiQA2018,0.55361,0.55065,0.0029600000000000737
late,muon,adamw,muon-lr3e-4,adamw-lr3e-5,1,0.2,HotpotQA,0.75183,0.75126,0.0005699999999999594
late,muon,adamw,muon-lr3e-4,adamw-lr3e-5,1,0.2,MSMARCO,0.58169,0.5802,0.0014899999999999913
late,muon,adamw,muon-lr3e-4,adamw-lr3e-5,1,0.2,NFCorpus,0.26755,0.27115,-0.003599999999999992
late,muon,adamw,muon-lr3e-4,adamw-lr3e-5,1,0.2,NQ,0.96391,0.94971,0.01419999999999999
late,muon,adamw,muon-lr3e-4,adamw-lr3e-5,1,0.2,QuoraRetrieval,0.91751,0.91588,0.0016300000000000203
late,muon,adamw,muon-lr3e-4,adamw-lr3e-5,1,0.2,SCIDOCS,0.14438,0.14389,0.0004900000000000182
late,muon,adamw,muon-lr3e-4,adamw-lr3e-5,1,0.2,SciFact,0.88616,0.8855,0.0006599999999999939
late,muon,adamw,muon-lr3e-4,adamw-lr3e-5,1,0.2,TRECCOVID,0.81373,0.81572,-0.0019900000000000473
late,muon,adamw,muon-lr3e-4,adamw-lr3e-5,1,0.2,Touche2020,0.36509,0.39285,-0.02775999999999995
late,muon,adamw,muon-lr3e-4,adamw-lr3e-5,2,0.4,ArguAna,0.42469,0.43519,-0.01050000000000001
late,muon,adamw,muon-lr3e-4,adamw-lr3e-5,2,0.4,ClimateFEVER,0.3951,0.38884,0.006259999999999988
late,muon,adamw,muon-lr3e-4,adamw-lr3e-5,2,0.4,DBPedia,0.3094,0.30165,0.007750000000000035
late,muon,adamw,muon-lr3e-4,adamw-lr3e-5,2,0.4,FEVER,0.9385,0.93577,0.00273000000000001
late,muon,adamw,muon-lr3e-4,adamw-lr3e-5,2,0.4,FiQA2018,0.55735,0.54506,0.012290000000000023
late,muon,adamw,muon-lr3e-4,adamw-lr3e-5,2,0.4,HotpotQA,0.75513,0.75164,0.003489999999999993
late,muon,adamw,muon-lr3e-4,adamw-lr3e-5,2,0.4,MSMARCO,0.58791,0.58848,-0.0005699999999999594
late,muon,adamw,muon-lr3e-4,adamw-lr3e-5,2,0.4,NFCorpus,0.2669,0.27096,-0.0040599999999999525
late,muon,adamw,muon-lr3e-4,adamw-lr3e-5,2,0.4,NQ,0.96391,0.96391,0.0
late,muon,adamw,muon-lr3e-4,adamw-lr3e-5,2,0.4,QuoraRetrieval,0.91662,0.91479,0.0018299999999999983
late,muon,adamw,muon-lr3e-4,adamw-lr3e-5,2,0.4,SCIDOCS,0.14592,0.14177,0.004149999999999987
late,muon,adamw,muon-lr3e-4,adamw-lr3e-5,2,0.4,SciFact,0.90247,0.88381,0.01866000000000001
late,muon,adamw,muon-lr3e-4,adamw-lr3e-5,2,0.4,TRECCOVID,0.81155,0.80891,0.0026399999999999757
late,muon,adamw,muon-lr3e-4,adamw-lr3e-5,2,0.4,Touche2020,0.34898,0.36718,-0.018199999999999994
late,muon,adamw,muon-lr3e-4,adamw-lr3e-5,3,0.6,ArguAna,0.42439,0.43301,-0.008620000000000017
late,muon,adamw,muon-lr3e-4,adamw-lr3e-5,3,0.6,ClimateFEVER,0.41148,0.40801,0.0034700000000000286
late,muon,adamw,muon-lr3e-4,adamw-lr3e-5,3,0.6,DBPedia,0.30589,0.3029,0.0029899999999999927
late,muon,adamw,muon-lr3e-4,adamw-lr3e-5,3,0.6,FEVER,0.93978,0.93921,0.0005699999999999594
late,muon,adamw,muon-lr3e-4,adamw-lr3e-5,3,0.6,FiQA2018,0.54896,0.54888,7.999999999996898e-05
late,muon,adamw,muon-lr3e-4,adamw-lr3e-5,3,0.6,HotpotQA,0.749,0.74896,4.0000000000040004e-05
late,muon,adamw,muon-lr3e-4,adamw-lr3e-5,3,0.6,MSMARCO,0.59224,0.59034,0.0019000000000000128
late,muon,adamw,muon-lr3e-4,adamw-lr3e-5,3,0.6,NFCorpus,0.28047,0.2835,-0.003029999999999977
late,muon,adamw,muon-lr3e-4,adamw-lr3e-5,3,0.6,NQ,0.94971,0.96391,-0.01419999999999999
late,muon,adamw,muon-lr3e-4,adamw-lr3e-5,3,0.6,QuoraRetrieval,0.91687,0.91446,0.002409999999999912
late,muon,adamw,muon-lr3e-4,adamw-lr3e-5,3,0.6,SCIDOCS,0.1502,0.14833,0.0018700000000000105
late,muon,adamw,muon-lr3e-4,adamw-lr3e-5,3,0.6,SciFact,0.90742,0.89543,0.011990000000000056
late,muon,adamw,muon-lr3e-4,adamw-lr3e-5,3,0.6,TRECCOVID,0.80086,0.81278,-0.01191999999999993
late,muon,adamw,muon-lr3e-4,adamw-lr3e-5,3,0.6,Touche2020,0.34972,0.34308,0.006639999999999979
late,muon,adamw,muon-lr3e-4,adamw-lr3e-5,4,0.8,ArguAna,0.42688,0.43286,-0.005980000000000041
late,muon,adamw,muon-lr3e-4,adamw-lr3e-5,4,0.8,ClimateFEVER,0.41701,0.41289,0.0041200000000000125
late,muon,adamw,muon-lr3e-4,adamw-lr3e-5,4,0.8,DBPedia,0.30582,0.30342,0.0023999999999999577
late,muon,adamw,muon-lr3e-4,adamw-lr3e-5,4,0.8,FEVER,0.93858,0.93751,0.0010700000000000154
late,muon,adamw,muon-lr3e-4,adamw-lr3e-5,4,0.8,FiQA2018,0.56804,0.5518,0.016240000000000032
late,muon,adamw,muon-lr3e-4,adamw-lr3e-5,4,0.8,HotpotQA,0.74924,0.74741,0.0018299999999999983
late,muon,adamw,muon-lr3e-4,adamw-lr3e-5,4,0.8,MSMARCO,0.59395,0.59185,0.0020999999999999908
late,muon,adamw,muon-lr3e-4,adamw-lr3e-5,4,0.8,NFCorpus,0.27532,0.27896,-0.0036399999999999766
late,muon,adamw,muon-lr3e-4,adamw-lr3e-5,4,0.8,NQ,0.94971,0.94971,0.0
late,muon,adamw,muon-lr3e-4,adamw-lr3e-5,4,0.8,QuoraRetrieval,0.91592,0.91444,0.0014799999999999258
late,muon,adamw,muon-lr3e-4,adamw-lr3e-5,4,0.8,SCIDOCS,0.14883,0.14673,0.0020999999999999908
late,muon,adamw,muon-lr3e-4,adamw-lr3e-5,4,0.8,SciFact,0.89646,0.88531,0.011149999999999993
late,muon,adamw,muon-lr3e-4,adamw-lr3e-5,4,0.8,TRECCOVID,0.79961,0.80826,-0.008649999999999936
late,muon,adamw,muon-lr3e-4,adamw-lr3e-5,4,0.8,Touche2020,0.35107,0.35062,0.00045000000000000595
late,muon,adamw,muon-lr3e-4,adamw-lr3e-5,5,1.0,ArguAna,0.42781,0.43451,-0.006699999999999984
late,muon,adamw,muon-lr3e-4,adamw-lr3e-5,5,1.0,ClimateFEVER,0.41413,0.4088,0.005330000000000001
late,muon,adamw,muon-lr3e-4,adamw-lr3e-5,5,1.0,DBPedia,0.30886,0.3037,0.005159999999999998
late,muon,adamw,muon-lr3e-4,adamw-lr3e-5,5,1.0,FEVER,0.9392,0.93885,0.0003500000000000725
late,muon,adamw,muon-lr3e-4,adamw-lr3e-5,5,1.0,FiQA2018,0.56411,0.55837,0.005739999999999967
late,muon,adamw,muon-lr3e-4,adamw-lr3e-5,5,1.0,HotpotQA,0.74889,0.75079,-0.0019000000000000128
late,muon,adamw,muon-lr3e-4,adamw-lr3e-5,5,1.0,MSMARCO,0.59459,0.59282,0.0017699999999999383
late,muon,adamw,muon-lr3e-4,adamw-lr3e-5,5,1.0,NFCorpus,0.28023,0.27758,0.0026499999999999857
late,muon,adamw,muon-lr3e-4,adamw-lr3e-5,5,1.0,NQ,0.96391,0.96391,0.0
late,muon,adamw,muon-lr3e-4,adamw-lr3e-5,5,1.0,QuoraRetrieval,0.91616,0.91527,0.0008899999999999464
late,muon,adamw,muon-lr3e-4,adamw-lr3e-5,5,1.0,SCIDOCS,0.15111,0.14781,0.0032999999999999974
late,muon,adamw,muon-lr3e-4,adamw-lr3e-5,5,1.0,SciFact,0.89646,0.89646,0.0
late,muon,adamw,muon-lr3e-4,adamw-lr3e-5,5,1.0,TRECCOVID,0.80093,0.80649,-0.005560000000000009
late,muon,adamw,muon-lr3e-4,adamw-lr3e-5,5,1.0,Touche2020,0.35485,0.34622,0.008629999999999971
late,normuon,adamw,normuon-lr3e-4,adamw-lr3e-5,1,0.2,ArguAna,0.42459,0.42929,-0.004699999999999982
late,normuon,adamw,normuon-lr3e-4,adamw-lr3e-5,1,0.2,ClimateFEVER,0.37341,0.36915,0.0042600000000000415
late,normuon,adamw,normuon-lr3e-4,adamw-lr3e-5,1,0.2,DBPedia,0.30467,0.30714,-0.0024700000000000277
late,normuon,adamw,normuon-lr3e-4,adamw-lr3e-5,1,0.2,FEVER,0.93145,0.93171,-0.000260000000000038
late,normuon,adamw,normuon-lr3e-4,adamw-lr3e-5,1,0.2,FiQA2018,0.556,0.55065,0.005350000000000077
late,normuon,adamw,normuon-lr3e-4,adamw-lr3e-5,1,0.2,HotpotQA,0.75229,0.75126,0.0010299999999999754
late,normuon,adamw,normuon-lr3e-4,adamw-lr3e-5,1,0.2,MSMARCO,0.57873,0.5802,-0.0014700000000000824
late,normuon,adamw,normuon-lr3e-4,adamw-lr3e-5,1,0.2,NFCorpus,0.27178,0.27115,0.0006300000000000194
late,normuon,adamw,normuon-lr3e-4,adamw-lr3e-5,1,0.2,NQ,0.96391,0.94971,0.01419999999999999
late,normuon,adamw,normuon-lr3e-4,adamw-lr3e-5,1,0.2,QuoraRetrieval,0.9175,0.91588,0.0016199999999999548
late,normuon,adamw,normuon-lr3e-4,adamw-lr3e-5,1,0.2,SCIDOCS,0.144,0.14389,0.00010999999999999899
late,normuon,adamw,normuon-lr3e-4,adamw-lr3e-5,1,0.2,SciFact,0.88616,0.8855,0.0006599999999999939
late,normuon,adamw,normuon-lr3e-4,adamw-lr3e-5,1,0.2,TRECCOVID,0.80352,0.81572,-0.012199999999999989
late,normuon,adamw,normuon-lr3e-4,adamw-lr3e-5,1,0.2,Touche2020,0.36039,0.39285,-0.03245999999999999
late,normuon,adamw,normuon-lr3e-4,adamw-lr3e-5,2,0.4,ArguAna,0.42167,0.43519,-0.013520000000000032
late,normuon,adamw,normuon-lr3e-4,adamw-lr3e-5,2,0.4,ClimateFEVER,0.39096,0.38884,0.0021199999999999553
late,normuon,adamw,normuon-lr3e-4,adamw-lr3e-5,2,0.4,DBPedia,0.30708,0.30165,0.005430000000000046
late,normuon,adamw,normuon-lr3e-4,adamw-lr3e-5,2,0.4,FEVER,0.93771,0.93577,0.0019400000000000528
late,normuon,adamw,normuon-lr3e-4,adamw-lr3e-5,2,0.4,FiQA2018,0.55235,0.54506,0.007290000000000019
late,normuon,adamw,normuon-lr3e-4,adamw-lr3e-5,2,0.4,HotpotQA,0.75534,0.75164,0.0037000000000000366
late,normuon,adamw,normuon-lr3e-4,adamw-lr3e-5,2,0.4,MSMARCO,0.58824,0.58848,-0.00024000000000001798
late,normuon,adamw,normuon-lr3e-4,adamw-lr3e-5,2,0.4,NFCorpus,0.2685,0.27096,-0.0024599999999999622
late,normuon,adamw,normuon-lr3e-4,adamw-lr3e-5,2,0.4,NQ,0.96391,0.96391,0.0
late,normuon,adamw,normuon-lr3e-4,adamw-lr3e-5,2,0.4,QuoraRetrieval,0.9165,0.91479,0.0017099999999999893
late,normuon,adamw,normuon-lr3e-4,adamw-lr3e-5,2,0.4,SCIDOCS,0.14385,0.14177,0.0020799999999999985
late,normuon,adamw,normuon-lr3e-4,adamw-lr3e-5,2,0.4,SciFact,0.90443,0.88381,0.02061999999999997
late,normuon,adamw,normuon-lr3e-4,adamw-lr3e-5,2,0.4,TRECCOVID,0.81347,0.80891,0.0045600000000000085
late,normuon,adamw,normuon-lr3e-4,adamw-lr3e-5,2,0.4,Touche2020,0.35012,0.36718,-0.01706000000000002
late,normuon,adamw,normuon-lr3e-4,adamw-lr3e-5,3,0.6,ArguAna,0.42156,0.43301,-0.011450000000000016
late,normuon,adamw,normuon-lr3e-4,adamw-lr3e-5,3,0.6,ClimateFEVER,0.41201,0.40801,0.0040000000000000036
late,normuon,adamw,normuon-lr3e-4,adamw-lr3e-5,3,0.6,DBPedia,0.30643,0.3029,0.0035299999999999776
late,normuon,adamw,normuon-lr3e-4,adamw-lr3e-5,3,0.6,FEVER,0.93924,0.93921,2.999999999997449e-05
late,normuon,adamw,normuon-lr3e-4,adamw-lr3e-5,3,0.6,FiQA2018,0.56985,0.54888,0.020969999999999933
late,normuon,adamw,normuon-lr3e-4,adamw-lr3e-5,3,0.6,HotpotQA,0.75055,0.74896,0.0015900000000000913
late,normuon,adamw,normuon-lr3e-4,adamw-lr3e-5,3,0.6,MSMARCO,0.59208,0.59034,0.0017400000000000748
late,normuon,adamw,normuon-lr3e-4,adamw-lr3e-5,3,0.6,NFCorpus,0.27624,0.2835,-0.007259999999999989
late,normuon,adamw,normuon-lr3e-4,adamw-lr3e-5,3,0.6,NQ,0.96391,0.96391,0.0
late,normuon,adamw,normuon-lr3e-4,adamw-lr3e-5,3,0.6,QuoraRetrieval,0.9165,0.91446,0.0020399999999999308
late,normuon,adamw,normuon-lr3e-4,adamw-lr3e-5,3,0.6,SCIDOCS,0.14683,0.14833,-0.0015000000000000013
late,normuon,adamw,normuon-lr3e-4,adamw-lr3e-5,3,0.6,SciFact,0.90653,0.89543,0.011099999999999999
late,normuon,adamw,normuon-lr3e-4,adamw-lr3e-5,3,0.6,TRECCOVID,0.80616,0.81278,-0.006619999999999959
late,normuon,adamw,normuon-lr3e-4,adamw-lr3e-5,3,0.6,Touche2020,0.35798,0.34308,0.014900000000000024
late,normuon,adamw,normuon-lr3e-4,adamw-lr3e-5,4,0.8,ArguAna,0.42154,0.43286,-0.011319999999999997
late,normuon,adamw,normuon-lr3e-4,adamw-lr3e-5,4,0.8,ClimateFEVER,0.41862,0.41289,0.005730000000000013
late,normuon,adamw,normuon-lr3e-4,adamw-lr3e-5,4,0.8,DBPedia,0.30409,0.30342,0.0006700000000000039
late,normuon,adamw,normuon-lr3e-4,adamw-lr3e-5,4,0.8,FEVER,0.93916,0.93751,0.0016500000000000403
late,normuon,adamw,normuon-lr3e-4,adamw-lr3e-5,4,0.8,FiQA2018,0.5715,0.5518,0.01970000000000005
late,normuon,adamw,normuon-lr3e-4,adamw-lr3e-5,4,0.8,HotpotQA,0.74704,0.74741,-0.00036999999999998145
late,normuon,adamw,normuon-lr3e-4,adamw-lr3e-5,4,0.8,MSMARCO,0.59301,0.59185,0.0011600000000000499
late,normuon,adamw,normuon-lr3e-4,adamw-lr3e-5,4,0.8,NFCorpus,0.2774,0.27896,-0.0015600000000000058
late,normuon,adamw,normuon-lr3e-4,adamw-lr3e-5,4,0.8,NQ,0.96391,0.94971,0.01419999999999999
late,normuon,adamw,normuon-lr3e-4,adamw-lr3e-5,4,0.8,QuoraRetrieval,0.91702,0.91444,0.0025799999999999157
late,normuon,adamw,normuon-lr3e-4,adamw-lr3e-5,4,0.8,SCIDOCS,0.14729,0.14673,0.0005600000000000049
late,normuon,adamw,normuon-lr3e-4,adamw-lr3e-5,4,0.8,SciFact,0.90547,0.88531,0.020159999999999956
late,normuon,adamw,normuon-lr3e-4,adamw-lr3e-5,4,0.8,TRECCOVID,0.806,0.80826,-0.0022599999999999287
late,normuon,adamw,normuon-lr3e-4,adamw-lr3e-5,4,0.8,Touche2020,0.35663,0.35062,0.006010000000000015
late,normuon,adamw,normuon-lr3e-4,adamw-lr3e-5,5,1.0,ArguAna,0.42726,0.43451,-0.007250000000000034
late,normuon,adamw,normuon-lr3e-4,adamw-lr3e-5,5,1.0,ClimateFEVER,0.41538,0.4088,0.00658000000000003
late,normuon,adamw,normuon-lr3e-4,adamw-lr3e-5,5,1.0,DBPedia,0.30727,0.3037,0.003569999999999962
late,normuon,adamw,normuon-lr3e-4,adamw-lr3e-5,5,1.0,FEVER,0.93955,0.93885,0.0007000000000000339
late,normuon,adamw,normuon-lr3e-4,adamw-lr3e-5,5,1.0,FiQA2018,0.56615,0.55837,0.007780000000000009
late,normuon,adamw,normuon-lr3e-4,adamw-lr3e-5,5,1.0,HotpotQA,0.75078,0.75079,-9.99999999995449e-06
late,normuon,adamw,normuon-lr3e-4,adamw-lr3e-5,5,1.0,MSMARCO,0.59195,0.59282,-0.0008700000000000374
late,normuon,adamw,normuon-lr3e-4,adamw-lr3e-5,5,1.0,NFCorpus,0.27332,0.27758,-0.004259999999999986
late,normuon,adamw,normuon-lr3e-4,adamw-lr3e-5,5,1.0,NQ,0.96391,0.96391,0.0
late,normuon,adamw,normuon-lr3e-4,adamw-lr3e-5,5,1.0,QuoraRetrieval,0.91648,0.91527,0.0012099999999999334
late,normuon,adamw,normuon-lr3e-4,adamw-lr3e-5,5,1.0,SCIDOCS,0.14777,0.14781,-3.999999999998449e-05
late,normuon,adamw,normuon-lr3e-4,adamw-lr3e-5,5,1.0,SciFact,0.90742,0.89646,0.01095999999999997
late,normuon,adamw,normuon-lr3e-4,adamw-lr3e-5,5,1.0,TRECCOVID,0.79517,0.80649,-0.011319999999999997
late,normuon,adamw,normuon-lr3e-4,adamw-lr3e-5,5,1.0,Touche2020,0.34634,0.34622,0.00011999999999995348
