suite,model_family,optimizer,learning_rate,aux_learning_rate,run_id,training_seed,stage,fraction,checkpoint_step,tasks_completed,mean_ndcg_at_10,median_ndcg_at_10,standard_deviation_ndcg_at_10,minimum_ndcg_at_10,maximum_ndcg_at_10,source_partition,formal_source_stage5,joined_summary_role,joined_summary_used_for_formal_inference,source_result_set_sha256
hybrid,dense,hybrid_adamw,1e-05,3e-06,hybrid-adamw-lr1e-5,42,1,0.2,782,14,0.5808342857142857,0.561795,0.2666014919772389,0.14392,0.93964,dynamics-stage1-4,False,descriptive-only,False,c9acbcb388c4ff388603a213c5cf8323d22fd19549997ed9c541db05e3c0a2c9
hybrid,dense,hybrid_adamw,1e-05,3e-06,hybrid-adamw-lr1e-5,42,2,0.4,1563,14,0.5849864285714286,0.563685,0.26185309779141275,0.14643,0.92041,dynamics-stage1-4,False,descriptive-only,False,8b5cf183b736eb2345b8eabe08b4f6a3ac8e63712b4deee24eb6d3a5738b126b
hybrid,dense,hybrid_adamw,1e-05,3e-06,hybrid-adamw-lr1e-5,42,3,0.6,2345,14,0.5866892857142857,0.565785,0.26017345866238345,0.149,0.92041,dynamics-stage1-4,False,descriptive-only,False,d2fe137a7cdefba069f47f243e8f288dcb4e843ae7a93765bb707fe9e6bf288a
hybrid,dense,hybrid_adamw,1e-05,3e-06,hybrid-adamw-lr1e-5,42,4,0.8,3126,14,0.5877278571428571,0.564005,0.2606836630088159,0.149,0.92545,dynamics-stage1-4,False,descriptive-only,False,89abb827062b2a3408804401a1282f533b2bcba1eb0011e418c778de87710be9
hybrid,dense,hybrid_adamw,1e-05,3e-06,hybrid-adamw-lr1e-5,42,5,1.0,3907,14,0.5884942857142857,0.56691,0.2611263946475589,0.1493,0.92545,formal-stage5,True,descriptive-only,False,f4b4e5a7f9bb77ef9adc2b144320bb8311ddec5dbe7bebacc0bd4e6f152fd8cb
hybrid,dense,hybrid_adamw,1e-06,3e-06,hybrid-adamw-lr1e-6,42,1,0.2,782,14,0.5430742857142857,0.537655,0.26338153183206314,0.14858,0.93315,dynamics-stage1-4,False,descriptive-only,False,be93c3bff1c473f91d17e61e2d1b29bec040faf40738be746a94b0c1284403b5
hybrid,dense,hybrid_adamw,1e-06,3e-06,hybrid-adamw-lr1e-6,42,2,0.4,1563,14,0.5562935714285714,0.5508249999999999,0.2632008674705403,0.1438,0.93315,dynamics-stage1-4,False,descriptive-only,False,abca66ce68e6545c119c201debd35e26eaa1dc92d18bb9887f946b7071da38f2
hybrid,dense,hybrid_adamw,1e-06,3e-06,hybrid-adamw-lr1e-6,42,3,0.6,2345,14,0.5613557142857143,0.5546949999999999,0.2648602072175942,0.14259,0.93315,dynamics-stage1-4,False,descriptive-only,False,6a3e289b77e7ca4185a5feb36b3d7b4b56fbb1457938f68e193ad4e0b2210052
hybrid,dense,hybrid_adamw,1e-06,3e-06,hybrid-adamw-lr1e-6,42,4,0.8,3126,14,0.56467,0.55059,0.26567252317736695,0.14142,0.93315,dynamics-stage1-4,False,descriptive-only,False,a71c9c9509cd3036b84420f8738e8340ec71656f1f1c830930d6f1b2c7f2371f
hybrid,dense,hybrid_adamw,1e-06,3e-06,hybrid-adamw-lr1e-6,42,5,1.0,3907,14,0.5651742857142857,0.54972,0.2653704578701331,0.1416,0.93315,formal-stage5,True,descriptive-only,False,197788de55128cc1c78f43e625268a8d9e5974b10f3b3456a120e70d994bdb56
hybrid,dense,hybrid_adamw,3e-05,3e-06,hybrid-adamw-lr3e-5,42,1,0.2,782,14,0.5864885714285714,0.5688,0.2639375212285,0.14877,0.92545,dynamics-stage1-4,False,descriptive-only,False,bca6fbe76482cf59893fa847535a423fe085646572238e2e6fed396bfc96dc9c
hybrid,dense,hybrid_adamw,3e-05,3e-06,hybrid-adamw-lr3e-5,42,2,0.4,1563,14,0.5892357142857143,0.56376,0.26066656634521446,0.1475,0.92545,dynamics-stage1-4,False,descriptive-only,False,a356866cd79feaa68e426cc00eda415bcb8d608fc30440648e8fc20ce15c2be8
hybrid,dense,hybrid_adamw,3e-05,3e-06,hybrid-adamw-lr3e-5,42,3,0.6,2345,14,0.5879142857142857,0.5656650000000001,0.26210997889965104,0.1469,0.92545,dynamics-stage1-4,False,descriptive-only,False,aa80793e146d0470d519b14bfce884c7f48a5203e615095d09c16f47cc39cbe5
hybrid,dense,hybrid_adamw,3e-05,3e-06,hybrid-adamw-lr3e-5,42,4,0.8,3126,14,0.5886657142857142,0.55921,0.26216153381112967,0.14743,0.92545,dynamics-stage1-4,False,descriptive-only,False,2b92bf0d12e4e3350fcc6b70568f9ab3c1b47d819a9852c21506266255bc1722
hybrid,dense,hybrid_adamw,3e-05,3e-06,hybrid-adamw-lr3e-5,42,5,1.0,3907,14,0.5899221428571428,0.559895,0.26281892273085694,0.14705,0.92545,formal-stage5,True,descriptive-only,False,a1eaff004ce6e4d539f078cbbf46b321a8b35a456bea70b8bede0391a52c0069
hybrid,dense,hybrid_adamw,3e-06,3e-06,hybrid-adamw-lr3e-6,42,1,0.2,782,14,0.5630421428571428,0.552965,0.2646779699445717,0.14311,0.93315,dynamics-stage1-4,False,descriptive-only,False,0646bc71f09c7e7768db83839e89b3fbee1c214030d2587a00b8795bc7cc1bb2
hybrid,dense,hybrid_adamw,3e-06,3e-06,hybrid-adamw-lr3e-6,42,2,0.4,1563,14,0.57545,0.55474,0.26932774224512623,0.13942,0.94734,dynamics-stage1-4,False,descriptive-only,False,27311433d2fb2ebd40f715242e64eba5b7b183d899939f95bd964ef6acb3d1e3
hybrid,dense,hybrid_adamw,3e-06,3e-06,hybrid-adamw-lr3e-6,42,3,0.6,2345,14,0.5814985714285714,0.56004,0.2668334137851646,0.1424,0.94734,dynamics-stage1-4,False,descriptive-only,False,e0cfd40498a985f274c3b8cbc60a90a70d41156c02c1b6f843c5105326b2ce32
hybrid,dense,hybrid_adamw,3e-06,3e-06,hybrid-adamw-lr3e-6,42,4,0.8,3126,14,0.583065,0.56206,0.26579744360132584,0.14517,0.94231,dynamics-stage1-4,False,descriptive-only,False,6a3ead1d3ecf9590cf6e5bf75001456babae738e72e3a9984b8c4b1b42ddf2d0
hybrid,dense,hybrid_adamw,3e-06,3e-06,hybrid-adamw-lr3e-6,42,5,1.0,3907,14,0.5830814285714285,0.56334,0.2654884233649677,0.14433,0.94734,formal-stage5,True,descriptive-only,False,1e7a9d57f259aff42234a372aec0c28514983841a0aca393c007200fffbf0c55
confirmatory,dense,adamw,3e-05,3e-06,adamw-selected,161803,1,0.2,782,14,0.5855014285714286,0.562555,0.26132143113297795,0.15153,0.92545,dynamics-stage1-4,False,descriptive-only,False,af010a68dedb16b07cc723a6b52bd8114f72834ae2f8c63c1c397a47c805609a
confirmatory,dense,adamw,3e-05,3e-06,adamw-selected,161803,2,0.4,1563,14,0.5894542857142857,0.56365,0.2633462316775684,0.14934,0.93964,dynamics-stage1-4,False,descriptive-only,False,9c680cd7eb4c71ec5f366b5d1ecb3a1ef9ff27456f159b0e5ac53f878b64500d
confirmatory,dense,adamw,3e-05,3e-06,adamw-selected,161803,3,0.6,2345,14,0.5897807142857143,0.562705,0.26403154409665,0.15097,0.93964,dynamics-stage1-4,False,descriptive-only,False,1aef615c6accde8ca00070f37cae7a69b10a607cee6a13001e154e35e34a13ac
confirmatory,dense,adamw,3e-05,3e-06,adamw-selected,161803,4,0.8,3126,14,0.5899235714285714,0.562695,0.26170059527218564,0.15039,0.93964,dynamics-stage1-4,False,descriptive-only,False,e5377f0c335507e62408bc63c4b65dfcf95c1bf69023d42df7ce65b5470b1377
confirmatory,dense,adamw,3e-05,3e-06,adamw-selected,161803,5,1.0,3907,14,0.5902828571428571,0.5655749999999999,0.26254650070929125,0.14996,0.93964,formal-stage5,True,descriptive-only,False,d7df0b9e05c0ded501a8b8df2ac15cf1177ac979ca80fbb409e2f35a5961b2d3
confirmatory,dense,muon,0.003,3e-06,muon-selected,161803,1,0.2,782,14,0.5306471428571429,0.47053500000000004,0.263559257132828,0.11544,0.90502,dynamics-stage1-4,False,descriptive-only,False,b866b185b49df2b76dea5e8d7fc082fd0f287a2c530bd711342f1ebb35984e6a
confirmatory,dense,muon,0.003,3e-06,muon-selected,161803,2,0.4,1563,14,0.5225892857142858,0.484385,0.25928052170420374,0.10124,0.91133,dynamics-stage1-4,False,descriptive-only,False,1c36600712a240bed7baa4ea1f087d85666b6764b8d59bb41e4d25486d3159c9
confirmatory,dense,muon,0.003,3e-06,muon-selected,161803,3,0.6,2345,14,0.5279028571428571,0.513795,0.2610500889382991,0.10157,0.90188,dynamics-stage1-4,False,descriptive-only,False,5c82da77b50e22b26fae46fa5d748a3fcd7a2be35923722d434c39e67c332e08
confirmatory,dense,muon,0.003,3e-06,muon-selected,161803,4,0.8,3126,14,0.5584321428571428,0.529955,0.26014613393735264,0.12385,0.93315,dynamics-stage1-4,False,descriptive-only,False,9c71e911ed0371ece96e98a80bc0de7f4ffd873c2034f5f138a7d25fd1fd0e5e
confirmatory,dense,muon,0.003,3e-06,muon-selected,161803,5,1.0,3907,14,0.5622807142857144,0.534675,0.26586580303024754,0.11807,0.93796,formal-stage5,True,descriptive-only,False,697f9f54300b6a7756e8de5d89258dde0f4a941908d5f3be53e3550a1794add7
confirmatory,dense,normuon,0.003,3e-06,normuon-selected,161803,1,0.2,782,14,0.539275,0.49141500000000005,0.2630672835376097,0.12286,0.9052,dynamics-stage1-4,False,descriptive-only,False,b74e3fdfe64ad26d1701bfeb22aed18d70ada3d06ec852aae249d1b40aea1dfc
confirmatory,dense,normuon,0.003,3e-06,normuon-selected,161803,2,0.4,1563,14,0.5388314285714286,0.50362,0.2617053594586625,0.11012,0.90898,dynamics-stage1-4,False,descriptive-only,False,8beb925cd966798342bac5fd960167635182d156df08eccb405bd435e7cd2be9
confirmatory,dense,normuon,0.003,3e-06,normuon-selected,161803,3,0.6,2345,14,0.5453521428571428,0.52252,0.2623066101007579,0.11258,0.90322,dynamics-stage1-4,False,descriptive-only,False,628a6b7f7343d40e60383af8bb472ed06799f65945e733fa48aabfa7db7e2459
confirmatory,dense,normuon,0.003,3e-06,normuon-selected,161803,4,0.8,3126,14,0.5579378571428572,0.53469,0.26527036898171247,0.1143,0.91632,dynamics-stage1-4,False,descriptive-only,False,d6b834ca6a8cfcc25dea5436eb2614e42392a0833c7991581481b1ed66c87899
confirmatory,dense,normuon,0.003,3e-06,normuon-selected,161803,5,1.0,3907,14,0.5629442857142857,0.54259,0.2639105944583259,0.12168,0.92214,formal-stage5,True,descriptive-only,False,52a703c65e1984e9e7559a2e387c7c8467085658248ecbe93942646c704c51e6
confirmatory,dense,adamw,3e-05,3e-06,adamw-selected,271828,1,0.2,782,14,0.5834485714285714,0.559145,0.26106219756594246,0.14711,0.91774,dynamics-stage1-4,False,descriptive-only,False,f70ee88e2daa49fa75575f53c58745631282f4f8028b99ad64a05b335df49bd9
confirmatory,dense,adamw,3e-05,3e-06,adamw-selected,271828,2,0.4,1563,14,0.5872028571428571,0.564235,0.26165232704675034,0.1481,0.92545,dynamics-stage1-4,False,descriptive-only,False,7e1715b2c3688596e296c878e96ff9b7e8aa80e30ea59f133a445af23ce00275
confirmatory,dense,adamw,3e-05,3e-06,adamw-selected,271828,3,0.6,2345,14,0.5891157142857143,0.56518,0.2628412818390131,0.15134,0.93964,dynamics-stage1-4,False,descriptive-only,False,beafc4633d2e70e02a0916a8a6ba1ff832a7dc4177109d86e247827cb2f23e2b
confirmatory,dense,adamw,3e-05,3e-06,adamw-selected,271828,4,0.8,3126,14,0.590315,0.56308,0.26273580752073256,0.15111,0.93964,dynamics-stage1-4,False,descriptive-only,False,5ca4a83926a39745e0d9db7c06eac6da9e98aecbdc268f1df839390bd718316f
confirmatory,dense,adamw,3e-05,3e-06,adamw-selected,271828,5,1.0,3907,14,0.5900357142857142,0.565075,0.26182385528427,0.14808,0.93964,formal-stage5,True,descriptive-only,False,279fbf1fa9c30a78761a583c53020c5943e1abdc2fc78faa42dcd1a1e670229b
confirmatory,dense,muon,0.003,3e-06,muon-selected,271828,1,0.2,782,14,0.531215,0.487005,0.2593582889349899,0.09851,0.90189,dynamics-stage1-4,False,descriptive-only,False,c9b8f416c9585651bfa0ca9bdf57a03c0b00ed1e08912f000cf81eae7128ce77
confirmatory,dense,muon,0.003,3e-06,muon-selected,271828,2,0.4,1563,14,0.5295935714285714,0.505655,0.26175153143520186,0.08999,0.91716,dynamics-stage1-4,False,descriptive-only,False,06c898dad09f1aa4b29319717d51a727988b4127ea7a9736057c13aa8734e3ce
confirmatory,dense,muon,0.003,3e-06,muon-selected,271828,3,0.6,2345,14,0.5376521428571429,0.500175,0.26705692529011144,0.08391,0.91842,dynamics-stage1-4,False,descriptive-only,False,2303f63378773882795e3341209e7360c106174f38e704a25d9580d1f105c7e0
confirmatory,dense,muon,0.003,3e-06,muon-selected,271828,4,0.8,3126,14,0.5516178571428572,0.5304850000000001,0.26270357149071955,0.09146,0.91931,dynamics-stage1-4,False,descriptive-only,False,09053a777e5ab825fe850cad578b54c1445b496ee5a8d6762cc760b5193bea12
confirmatory,dense,muon,0.003,3e-06,muon-selected,271828,5,1.0,3907,14,0.5606542857142857,0.5442549999999999,0.26549918925661214,0.09705,0.92193,formal-stage5,True,descriptive-only,False,42748a842305bfa1896cbf0cea266a43a9555ec7d8f83652046ece5a4e5dd5ce
confirmatory,dense,normuon,0.003,3e-06,normuon-selected,271828,1,0.2,782,14,0.5333942857142857,0.49760000000000004,0.2544320669287436,0.10352,0.88906,dynamics-stage1-4,False,descriptive-only,False,ae51aa7b1f5bd65dcd079eea91f90c5ed9cf93e16a5e533504ed5a558e674d97
confirmatory,dense,normuon,0.003,3e-06,normuon-selected,271828,2,0.4,1563,14,0.5311521428571429,0.50397,0.26048021688463274,0.10028,0.91555,dynamics-stage1-4,False,descriptive-only,False,ddc041642e89476c073e27fa64a9b5e8302e3889baac20407663bb151eb306fe
confirmatory,dense,normuon,0.003,3e-06,normuon-selected,271828,3,0.6,2345,14,0.5365571428571428,0.508265,0.2654362676379229,0.0936,0.91525,dynamics-stage1-4,False,descriptive-only,False,792e97bc15f1bc6374ebff7c215984f1007a0c232575fc88015a9caf6f537163
confirmatory,dense,normuon,0.003,3e-06,normuon-selected,271828,4,0.8,3126,14,0.5505914285714285,0.530545,0.25529364336155397,0.10318,0.91928,dynamics-stage1-4,False,descriptive-only,False,e14f09e5cd3b1f1d44fe8c64932c3aac9a25331cece2dfc98736d48d4b033182
confirmatory,dense,normuon,0.003,3e-06,normuon-selected,271828,5,1.0,3907,14,0.5550621428571428,0.531415,0.2666381757357597,0.10047,0.92228,formal-stage5,True,descriptive-only,False,a5d789bf058ab55212f0dbe240c30d9875bf3ed67b8fce15fa0ca184ab1b551d
confirmatory,dense,adamw,3e-05,3e-06,adamw-selected,314159,1,0.2,782,14,0.5831235714285714,0.56021,0.2612603468246936,0.14971,0.91456,dynamics-stage1-4,False,descriptive-only,False,1fb23114e408110df91055368fcf872bf8a74463a6a6a3b45ef6f23894995246
confirmatory,dense,adamw,3e-05,3e-06,adamw-selected,314159,2,0.4,1563,14,0.5885607142857143,0.564875,0.2624999410466406,0.1474,0.93964,dynamics-stage1-4,False,descriptive-only,False,f2955a8e5cc3e1daf7b4a0df05bffb285224e68e48f6893220f8c5c3887683b9
confirmatory,dense,adamw,3e-05,3e-06,adamw-selected,314159,3,0.6,2345,14,0.59026,0.55949,0.26183873744839864,0.15171,0.93964,dynamics-stage1-4,False,descriptive-only,False,968111f236758eea6e4521d4163605727225716f4cc5f3cfeb33ab203dce5750
confirmatory,dense,adamw,3e-05,3e-06,adamw-selected,314159,4,0.8,3126,14,0.5918071428571429,0.563975,0.2598696455485923,0.15651,0.93964,dynamics-stage1-4,False,descriptive-only,False,1da655f45f3409460af8742f96b29072e4c28bccf0808b9a7377da8dd46b1e83
confirmatory,dense,adamw,3e-05,3e-06,adamw-selected,314159,5,1.0,3907,14,0.5912764285714286,0.563035,0.2609569390478914,0.15177,0.93964,formal-stage5,True,descriptive-only,False,9015e523b6c5a5e373a8addf8b1336338ca25ba03d6ae8f39c99e4a2bbbfb5ac
confirmatory,dense,muon,0.003,3e-06,muon-selected,314159,1,0.2,782,14,0.5365807142857143,0.49432,0.26725119086903687,0.1212,0.90942,dynamics-stage1-4,False,descriptive-only,False,bd02ab4168572b4ff254fbf4848a63432c8c0dacdc87af388831f7c3c0f77568
confirmatory,dense,muon,0.003,3e-06,muon-selected,314159,2,0.4,1563,14,0.5367342857142857,0.49302999999999997,0.27085810501637425,0.09573,0.90712,dynamics-stage1-4,False,descriptive-only,False,79f50225d582700d127c6852ef3a13ff26caf1d55fb06356637589f26b8d93bd
confirmatory,dense,muon,0.003,3e-06,muon-selected,314159,3,0.6,2345,14,0.5355871428571428,0.49799000000000004,0.2676826089774597,0.08761,0.91109,dynamics-stage1-4,False,descriptive-only,False,86a724a3c87f3b042144e05d0db8164ec1aec57e658b52f8b4ac1082ee9781ae
confirmatory,dense,muon,0.003,3e-06,muon-selected,314159,4,0.8,3126,14,0.5519157142857143,0.521455,0.2633945477989324,0.10246,0.92118,dynamics-stage1-4,False,descriptive-only,False,12f100af562b1c223a0a3256f308383c973fe6ce0016807f52f11f1bf5c6faad
confirmatory,dense,muon,0.003,3e-06,muon-selected,314159,5,1.0,3907,14,0.5568064285714286,0.5325150000000001,0.2622829289038609,0.10402,0.92203,formal-stage5,True,descriptive-only,False,1d34458f1013b138cfd093323b2340c76627fe292fe13b466d6bf86adcdd823b
confirmatory,dense,normuon,0.003,3e-06,normuon-selected,314159,1,0.2,782,14,0.5494564285714286,0.50954,0.26759665408988587,0.13296,0.91348,dynamics-stage1-4,False,descriptive-only,False,d27488cdd19bd8d1dd076191a6e3ea770facbec8275ef27a16df557a3e6449f2
confirmatory,dense,normuon,0.003,3e-06,normuon-selected,314159,2,0.4,1563,14,0.5380142857142857,0.49905,0.27229929034885453,0.09524,0.92545,dynamics-stage1-4,False,descriptive-only,False,f927b85cf7251efd6c76583475cc51e04fec3baffaece1a60471356a2822369e
confirmatory,dense,normuon,0.003,3e-06,normuon-selected,314159,3,0.6,2345,14,0.5492007142857143,0.51451,0.26144326304639587,0.11766,0.91802,dynamics-stage1-4,False,descriptive-only,False,78daa43445d277a7245625540941f2016af43a077c2022b5563fae9bec3e3719
confirmatory,dense,normuon,0.003,3e-06,normuon-selected,314159,4,0.8,3126,14,0.555915,0.526925,0.257128243815916,0.11363,0.92195,dynamics-stage1-4,False,descriptive-only,False,6eace74eafaf11ee87a4ed7702c0e6252ee2c39cac000f0548ae3b6189d63e87
confirmatory,dense,normuon,0.003,3e-06,normuon-selected,314159,5,1.0,3907,14,0.5623407142857143,0.5369999999999999,0.26098253766061724,0.11413,0.92379,formal-stage5,True,descriptive-only,False,4c406fac5a418dadb650f880d86c2cd6278204ab28a3417c21ed759c3407abf6
