family,kind,seed,optimizer,learning_rate,run_id,stage,fraction,step,label,scorer,representation_role,original_vectors,analyzed_vectors,sampled,dimension,mean_norm,norm_cv,mean_pairwise_cosine,covariance_trace,entropy_effective_rank,normalized_effective_rank,stable_rank,leading_variance_fraction
dense,reference,,,,pretrained,0,0.0,0,dense/pretrained,cosine,documents,1792,1792,False,768,0.9999857544898987,0.0016051409766077995,0.08689533174037933,0.9130823612213135,158.18881225585938,0.20597501595815024,22.81383514404297,0.04383305087685585
dense,reference,,,,pretrained,0,0.0,0,dense/pretrained,cosine,queries,224,224,False,768,1.0001018047332764,0.0017622333252802491,0.05816509574651718,0.9420300126075745,145.32691955566406,0.6516902222227088,27.16706085205078,0.0368092842400074
dense,checkpoint,161803,adamw,0.00015409498859627469,adamw-scale-matched,1,0.2,79,dense/seed161803/adamw-scale-matched/checkpoint-79,cosine,documents,1792,1792,False,768,1.0001211166381836,0.001783202402293682,0.07674803584814072,0.9234793782234192,162.8978729248047,0.21210660537083945,25.106103897094727,0.039830952882766724
dense,checkpoint,161803,adamw,0.00015409498859627469,adamw-scale-matched,1,0.2,79,dense/seed161803/adamw-scale-matched/checkpoint-79,cosine,queries,224,224,False,768,1.00002121925354,0.0018096667481586337,0.0833260789513588,0.9167159795761108,150.3038787841797,0.6740084250411645,28.573974609375,0.0349968820810318
dense,checkpoint,161803,adamw,0.00015409498859627469,adamw-scale-matched,2,0.4,157,dense/seed161803/adamw-scale-matched/checkpoint-157,cosine,documents,1792,1792,False,768,1.0000604391098022,0.0017194697866216302,0.056318268179893494,0.9437934160232544,164.59132385253906,0.21431161959966025,26.845333099365234,0.037250421941280365
dense,checkpoint,161803,adamw,0.00015409498859627469,adamw-scale-matched,2,0.4,157,dense/seed161803/adamw-scale-matched/checkpoint-157,cosine,queries,224,224,False,768,0.999842643737793,0.001742775086313486,0.0775672197341919,0.9221484661102295,152.73153686523438,0.684894784149033,31.411422729492188,0.03183555230498314
dense,checkpoint,161803,adamw,0.00015409498859627469,adamw-scale-matched,3,0.6,235,dense/seed161803/adamw-scale-matched/checkpoint-235,cosine,documents,1792,1792,False,768,1.0000488758087158,0.0017104281578212976,0.05908966436982155,0.9410081505775452,163.32899475097656,0.21266796191533408,26.079124450683594,0.0383448451757431
dense,checkpoint,161803,adamw,0.00015409498859627469,adamw-scale-matched,3,0.6,235,dense/seed161803/adamw-scale-matched/checkpoint-235,cosine,queries,224,224,False,768,0.999882161617279,0.0017200554721057415,0.06901174038648605,0.9307682514190674,152.7389678955078,0.6849281071547435,31.576335906982422,0.03166928514838219
dense,checkpoint,161803,adamw,0.00015409498859627469,adamw-scale-matched,4,0.8,313,dense/seed161803/adamw-scale-matched/checkpoint-313,cosine,documents,1792,1792,False,768,1.0000349283218384,0.0016674573998898268,0.0490068681538105,0.9510653018951416,162.92645263671875,0.2121438185373942,27.811277389526367,0.03595663607120514
dense,checkpoint,161803,adamw,0.00015409498859627469,adamw-scale-matched,4,0.8,313,dense/seed161803/adamw-scale-matched/checkpoint-313,cosine,queries,224,224,False,768,0.9998636245727539,0.0017821646761149168,0.06718970090150833,0.9325594902038574,151.56871032714844,0.6796803153683787,31.081966400146484,0.032172996550798416
dense,checkpoint,161803,adamw,0.00015409498859627469,adamw-scale-matched,5,1.0,391,dense/seed161803/adamw-scale-matched/checkpoint-391,cosine,documents,1792,1792,False,768,0.9998952150344849,0.0017027095891535282,0.047965411096811295,0.951839804649353,164.01344299316406,0.21355917056401572,27.845718383789062,0.0359121635556221
dense,checkpoint,161803,adamw,0.00015409498859627469,adamw-scale-matched,5,1.0,391,dense/seed161803/adamw-scale-matched/checkpoint-391,cosine,queries,224,224,False,768,1.0000061988830566,0.0017667636275291443,0.06550674140453339,0.9345071315765381,151.9989013671875,0.6816094231712444,31.349302291870117,0.03189863637089729
dense,checkpoint,161803,muon,0.0018259740111827764,muon-scale-matched,1,0.2,79,dense/seed161803/muon-scale-matched/checkpoint-79,cosine,documents,1792,1792,False,768,0.9998151063919067,0.0017549876356497407,0.07356143742799759,0.9261041879653931,161.9752197265625,0.21090523401896158,25.55889892578125,0.039125315845012665
dense,checkpoint,161803,muon,0.0018259740111827764,muon-scale-matched,1,0.2,79,dense/seed161803/muon-scale-matched/checkpoint-79,cosine,queries,224,224,False,768,1.0000016689300537,0.0017155481036752462,0.08292486518621445,0.9170833826065063,150.24368286132812,0.6737384881673907,28.47395133972168,0.03511981666088104
dense,checkpoint,161803,muon,0.0018259740111827764,muon-scale-matched,2,0.4,157,dense/seed161803/muon-scale-matched/checkpoint-157,cosine,documents,1792,1792,False,768,1.0001046657562256,0.0016841248143464327,0.07280677556991577,0.9273911118507385,160.72398376464844,0.209276020526886,26.794593811035156,0.03732096031308174
dense,checkpoint,161803,muon,0.0018259740111827764,muon-scale-matched,2,0.4,157,dense/seed161803/muon-scale-matched/checkpoint-157,cosine,queries,224,224,False,768,1.0000054836273193,0.0018517195712774992,0.08295384794473648,0.9170572757720947,151.46055603027344,0.6791953185214056,30.30535316467285,0.03299747034907341
dense,checkpoint,161803,muon,0.0018259740111827764,muon-scale-matched,3,0.6,235,dense/seed161803/muon-scale-matched/checkpoint-235,cosine,documents,1792,1792,False,768,0.9998850226402283,0.0017633241368457675,0.06460175663232803,0.9351920485496521,157.9031982421875,0.20560312271118164,24.822620391845703,0.04028583690524101
dense,checkpoint,161803,muon,0.0018259740111827764,muon-scale-matched,3,0.6,235,dense/seed161803/muon-scale-matched/checkpoint-235,cosine,queries,224,224,False,768,0.9998608231544495,0.001696478808298707,0.07644321024417877,0.9233012199401855,151.07818603515625,0.6774806548661715,30.66973114013672,0.03260543942451477
dense,checkpoint,161803,muon,0.0018259740111827764,muon-scale-matched,4,0.8,313,dense/seed161803/muon-scale-matched/checkpoint-313,cosine,documents,1792,1792,False,768,1.0002925395965576,0.0016995638143271208,0.0567021481692791,0.9438576102256775,157.45664978027344,0.2050216794013977,25.834943771362305,0.03870726376771927
dense,checkpoint,161803,muon,0.0018259740111827764,muon-scale-matched,4,0.8,313,dense/seed161803/muon-scale-matched/checkpoint-313,cosine,queries,224,224,False,768,0.9998355507850647,0.0017317848978564143,0.07690563797950745,0.9228000044822693,149.62091064453125,0.6709457876436379,30.49513816833496,0.0327921137213707
dense,checkpoint,161803,muon,0.0018259740111827764,muon-scale-matched,5,1.0,391,dense/seed161803/muon-scale-matched/checkpoint-391,cosine,documents,1792,1792,False,768,1.0002093315124512,0.0017034029588103294,0.05107606202363968,0.9493290781974792,158.8255157470703,0.20680405696233115,26.18364715576172,0.0381917767226696
dense,checkpoint,161803,muon,0.0018259740111827764,muon-scale-matched,5,1.0,391,dense/seed161803/muon-scale-matched/checkpoint-391,cosine,queries,224,224,False,768,0.9998728632926941,0.0017262791516259313,0.0738624706864357,0.9259065389633179,150.5808563232422,0.6752504767858394,30.787303924560547,0.03248092159628868
dense,checkpoint,161803,normuon,0.0018260319582594357,normuon-scale-matched,1,0.2,79,dense/seed161803/normuon-scale-matched/checkpoint-79,cosine,documents,1792,1792,False,768,0.9999316334724426,0.0017528713215142488,0.06975167244672775,0.9301259517669678,163.472900390625,0.21285533905029297,25.90342140197754,0.03860493749380112
dense,checkpoint,161803,normuon,0.0018260319582594357,normuon-scale-matched,1,0.2,79,dense/seed161803/normuon-scale-matched/checkpoint-79,cosine,queries,224,224,False,768,1.0000731945037842,0.0017110146582126617,0.07929068058729172,0.9208492040634155,150.78965759277344,0.6761868053487599,28.50878143310547,0.03507691249251366
dense,checkpoint,161803,normuon,0.0018260319582594357,normuon-scale-matched,2,0.4,157,dense/seed161803/normuon-scale-matched/checkpoint-157,cosine,documents,1792,1792,False,768,1.0001806020736694,0.0016780061414465308,0.0695355087518692,0.9308043718338013,161.65292358398438,0.210485577583313,27.354820251464844,0.03655662760138512
dense,checkpoint,161803,normuon,0.0018260319582594357,normuon-scale-matched,2,0.4,157,dense/seed161803/normuon-scale-matched/checkpoint-157,cosine,queries,224,224,False,768,0.9999114274978638,0.0017090935725718737,0.0829874724149704,0.916854977607727,152.2224578857422,0.6826119187701444,30.782854080200195,0.03248561546206474
dense,checkpoint,161803,normuon,0.0018260319582594357,normuon-scale-matched,3,0.6,235,dense/seed161803/normuon-scale-matched/checkpoint-235,cosine,documents,1792,1792,False,768,1.0001013278961182,0.0017229364020749927,0.06109478324651718,0.9391047954559326,159.67837524414062,0.20791455109914145,25.793476104736328,0.038769494742155075
dense,checkpoint,161803,normuon,0.0018260319582594357,normuon-scale-matched,3,0.6,235,dense/seed161803/normuon-scale-matched/checkpoint-235,cosine,queries,224,224,False,768,0.9998854994773865,0.0017147634644061327,0.07251735031604767,0.9272775650024414,151.6514129638672,0.6800511792101668,30.81306266784668,0.03245376795530319
dense,checkpoint,161803,normuon,0.0018260319582594357,normuon-scale-matched,4,0.8,313,dense/seed161803/normuon-scale-matched/checkpoint-313,cosine,documents,1792,1792,False,768,1.000067949295044,0.0017885459819808602,0.05370417609810829,0.9464293122291565,158.8649139404297,0.20685535669326782,26.604583740234375,0.03758750855922699
dense,checkpoint,161803,normuon,0.0018260319582594357,normuon-scale-matched,4,0.8,313,dense/seed161803/normuon-scale-matched/checkpoint-313,cosine,queries,224,224,False,768,0.9998937249183655,0.001764019369147718,0.07369935512542725,0.9261037111282349,150.33526611328125,0.67414917539588,30.580503463745117,0.03270057216286659
dense,checkpoint,161803,normuon,0.0018260319582594357,normuon-scale-matched,5,1.0,391,dense/seed161803/normuon-scale-matched/checkpoint-391,cosine,documents,1792,1792,False,768,1.0002251863479614,0.0017346979584544897,0.04927770793437958,0.9511577486991882,159.90985107421875,0.20821595191955566,26.72333526611328,0.03742048144340515
dense,checkpoint,161803,normuon,0.0018260319582594357,normuon-scale-matched,5,1.0,391,dense/seed161803/normuon-scale-matched/checkpoint-391,cosine,queries,224,224,False,768,1.000131368637085,0.001841438584960997,0.07121957838535309,0.929027795791626,150.9968719482422,0.6771160177051219,30.813125610351562,0.03245370090007782
dense,checkpoint,271828,adamw,0.00015409498859627469,adamw-scale-matched,1,0.2,79,dense/seed271828/adamw-scale-matched/checkpoint-79,cosine,documents,1792,1792,False,768,0.9999793767929077,0.0017494222847744823,0.08022835105657578,0.9197367429733276,165.8323211669922,0.2159275015195211,27.988046646118164,0.0357295386493206
dense,checkpoint,271828,adamw,0.00015409498859627469,adamw-scale-matched,1,0.2,79,dense/seed271828/adamw-scale-matched/checkpoint-79,cosine,queries,224,224,False,768,0.9997614026069641,0.001727034687064588,0.07529889047145844,0.9242651462554932,152.30703735351562,0.682991198894689,31.154953002929688,0.032097626477479935
dense,checkpoint,271828,adamw,0.00015409498859627469,adamw-scale-matched,2,0.4,157,dense/seed271828/adamw-scale-matched/checkpoint-157,cosine,documents,1792,1792,False,768,1.0000075101852417,0.0017577885882928967,0.07226008921861649,0.927761971950531,161.20431518554688,0.20990145206451416,26.80576515197754,0.03730540722608566
dense,checkpoint,271828,adamw,0.00015409498859627469,adamw-scale-matched,2,0.4,157,dense/seed271828/adamw-scale-matched/checkpoint-157,cosine,queries,224,224,False,768,1.0000193119049072,0.0017706629587337375,0.07529456913471222,0.9247435927391052,152.41957092285156,0.6834958337347604,32.18581771850586,0.03106958605349064
dense,checkpoint,271828,adamw,0.00015409498859627469,adamw-scale-matched,3,0.6,235,dense/seed271828/adamw-scale-matched/checkpoint-235,cosine,documents,1792,1792,False,768,1.000004529953003,0.0017273675184696913,0.07252709567546844,0.9274751543998718,159.83102416992188,0.20811331272125244,26.467937469482422,0.03778155893087387
dense,checkpoint,271828,adamw,0.00015409498859627469,adamw-scale-matched,3,0.6,235,dense/seed271828/adamw-scale-matched/checkpoint-235,cosine,queries,224,224,False,768,0.9999448657035828,0.0017857307102531195,0.07210486382246017,0.9278095364570618,150.71388244628906,0.6758470064856011,29.508575439453125,0.03388845548033714
dense,checkpoint,271828,adamw,0.00015409498859627469,adamw-scale-matched,4,0.8,313,dense/seed271828/adamw-scale-matched/checkpoint-313,cosine,documents,1792,1792,False,768,0.9998509287834167,0.001754875062033534,0.06162511929869652,0.9381047487258911,162.740966796875,0.2119023005167643,27.460540771484375,0.036415889859199524
dense,checkpoint,271828,adamw,0.00015409498859627469,adamw-scale-matched,4,0.8,313,dense/seed271828/adamw-scale-matched/checkpoint-313,cosine,queries,224,224,False,768,0.9998950958251953,0.001750522293150425,0.06613756716251373,0.9336713552474976,152.81553649902344,0.6852714641211813,31.022127151489258,0.03223505616188049
dense,checkpoint,271828,adamw,0.00015409498859627469,adamw-scale-matched,5,1.0,391,dense/seed271828/adamw-scale-matched/checkpoint-391,cosine,documents,1792,1792,False,768,0.9998989701271057,0.0017918951343744993,0.05286645516753197,0.9469476342201233,162.7091522216797,0.21186087528864542,27.244319915771484,0.0367048978805542
dense,checkpoint,271828,adamw,0.00015409498859627469,adamw-scale-matched,5,1.0,391,dense/seed271828/adamw-scale-matched/checkpoint-391,cosine,queries,224,224,False,768,1.000079870223999,0.0017260587774217129,0.06483450531959534,0.9353137612342834,152.08619689941406,0.6820008829570138,30.454999923706055,0.032835330814123154
dense,checkpoint,271828,muon,0.0018259740111827764,muon-scale-matched,1,0.2,79,dense/seed271828/muon-scale-matched/checkpoint-79,cosine,documents,1792,1792,False,768,0.9999579787254333,0.0017470582388341427,0.07626933604478836,0.9236483573913574,161.73318481445312,0.21059008439381918,24.64038848876953,0.0405837744474411
dense,checkpoint,271828,muon,0.0018259740111827764,muon-scale-matched,1,0.2,79,dense/seed271828/muon-scale-matched/checkpoint-79,cosine,queries,224,224,False,768,1.0001457929611206,0.0016977835912257433,0.07748740911483765,0.9227949976921082,151.20733642578125,0.6780598045999159,30.595714569091797,0.032684314996004105
dense,checkpoint,271828,muon,0.0018259740111827764,muon-scale-matched,2,0.4,157,dense/seed271828/muon-scale-matched/checkpoint-157,cosine,documents,1792,1792,False,768,0.9999052882194519,0.0017641341546550393,0.07927759736776352,0.9205460548400879,157.2735595703125,0.20478328069051108,23.328035354614258,0.04286687821149826
dense,checkpoint,271828,muon,0.0018259740111827764,muon-scale-matched,2,0.4,157,dense/seed271828/muon-scale-matched/checkpoint-157,cosine,queries,224,224,False,768,1.0000689029693604,0.0017772112041711807,0.08532154560089111,0.914811909198761,151.25990295410156,0.6782955289421595,31.2939510345459,0.0319550558924675
dense,checkpoint,271828,muon,0.0018259740111827764,muon-scale-matched,3,0.6,235,dense/seed271828/muon-scale-matched/checkpoint-235,cosine,documents,1792,1792,False,768,0.9999685287475586,0.0017195652471855283,0.07867196202278137,0.9212697148323059,155.10084533691406,0.20195422569910684,25.30647850036621,0.039515573531389236
dense,checkpoint,271828,muon,0.0018259740111827764,muon-scale-matched,3,0.6,235,dense/seed271828/muon-scale-matched/checkpoint-235,cosine,queries,224,224,False,768,0.9998565316200256,0.0018471290823072195,0.07597509771585464,0.9237717390060425,148.7959442138672,0.6672463866092699,28.90966796875,0.03459050506353378
dense,checkpoint,271828,muon,0.0018259740111827764,muon-scale-matched,4,0.8,313,dense/seed271828/muon-scale-matched/checkpoint-313,cosine,documents,1792,1792,False,768,1.0001453161239624,0.001726495916955173,0.06864862143993378,0.9316276907920837,156.38121032714844,0.20362136761347452,24.68996810913086,0.04050227999687195
dense,checkpoint,271828,muon,0.0018259740111827764,muon-scale-matched,4,0.8,313,dense/seed271828/muon-scale-matched/checkpoint-313,cosine,queries,224,224,False,768,0.9999170899391174,0.0018291743472218513,0.07341163605451584,0.9264384508132935,150.8898468017578,0.6766360843128153,30.023197174072266,0.033307578414678574
dense,checkpoint,271828,muon,0.0018259740111827764,muon-scale-matched,5,1.0,391,dense/seed271828/muon-scale-matched/checkpoint-391,cosine,documents,1792,1792,False,768,1.0000163316726685,0.0017091037007048726,0.05924592167139053,0.9407813549041748,157.12940979003906,0.20459558566411337,25.0037784576416,0.039993952959775925
dense,checkpoint,271828,muon,0.0018259740111827764,muon-scale-matched,5,1.0,391,dense/seed271828/muon-scale-matched/checkpoint-391,cosine,queries,224,224,False,768,1.0000275373458862,0.001796445925720036,0.07133720070123672,0.9287247657775879,150.30746459960938,0.6740245049309838,30.12436294555664,0.033195722848176956
dense,checkpoint,271828,normuon,0.0018260319582594357,normuon-scale-matched,1,0.2,79,dense/seed271828/normuon-scale-matched/checkpoint-79,cosine,documents,1792,1792,False,768,0.9999992251396179,0.0016586673445999622,0.07273899018764496,0.9272547960281372,162.671142578125,0.21181138356526694,24.720243453979492,0.04045267403125763
dense,checkpoint,271828,normuon,0.0018260319582594357,normuon-scale-matched,1,0.2,79,dense/seed271828/normuon-scale-matched/checkpoint-79,cosine,queries,224,224,False,768,0.999979555606842,0.0016366998897865415,0.07468891143798828,0.9252734780311584,151.41534423828125,0.6789925750595571,30.600479125976562,0.032679226249456406
dense,checkpoint,271828,normuon,0.0018260319582594357,normuon-scale-matched,2,0.4,157,dense/seed271828/normuon-scale-matched/checkpoint-157,cosine,documents,1792,1792,False,768,0.9998904466629028,0.00171180022880435,0.07359287142753601,0.9262025356292725,160.75694274902344,0.20931893587112427,24.97368812561035,0.04004214331507683
dense,checkpoint,271828,normuon,0.0018260319582594357,normuon-scale-matched,2,0.4,157,dense/seed271828/normuon-scale-matched/checkpoint-157,cosine,queries,224,224,False,768,0.9999300241470337,0.0017666806234046817,0.07951553165912628,0.9203600883483887,151.91290283203125,0.6812237795158352,31.62484359741211,0.03162071108818054
dense,checkpoint,271828,normuon,0.0018260319582594357,normuon-scale-matched,3,0.6,235,dense/seed271828/normuon-scale-matched/checkpoint-235,cosine,documents,1792,1792,False,768,1.0000780820846558,0.0016845031641423702,0.07255910336971283,0.9275809526443481,157.05226135253906,0.2044951319694519,26.334758758544922,0.03797262907028198
dense,checkpoint,271828,normuon,0.0018260319582594357,normuon-scale-matched,3,0.6,235,dense/seed271828/normuon-scale-matched/checkpoint-235,cosine,queries,224,224,False,768,0.9998670816421509,0.0017288436647504568,0.07515605539083481,0.9245991706848145,149.143798828125,0.668806272771861,29.036325454711914,0.03443961963057518
dense,checkpoint,271828,normuon,0.0018260319582594357,normuon-scale-matched,4,0.8,313,dense/seed271828/normuon-scale-matched/checkpoint-313,cosine,documents,1792,1792,False,768,1.00001060962677,0.0016961228102445602,0.06466659903526306,0.9353585243225098,158.192138671875,0.2059793472290039,25.903108596801758,0.038605403155088425
dense,checkpoint,271828,normuon,0.0018260319582594357,normuon-scale-matched,4,0.8,313,dense/seed271828/normuon-scale-matched/checkpoint-313,cosine,queries,224,224,False,768,0.9999300837516785,0.0017874392215162516,0.0707094818353653,0.9291595220565796,150.96922302246094,0.6769920314908562,30.256378173828125,0.03305088356137276
dense,checkpoint,271828,normuon,0.0018260319582594357,normuon-scale-matched,5,1.0,391,dense/seed271828/normuon-scale-matched/checkpoint-391,cosine,documents,1792,1792,False,768,0.9999833703041077,0.0017125738086178899,0.057420119643211365,0.9425573945045471,158.44692993164062,0.20631110668182373,25.924638748168945,0.03857334330677986
dense,checkpoint,271828,normuon,0.0018260319582594357,normuon-scale-matched,5,1.0,391,dense/seed271828/normuon-scale-matched/checkpoint-391,cosine,queries,224,224,False,768,1.000038743019104,0.0017830808646976948,0.06966883689165115,0.9304018020629883,150.466796875,0.6747389994394619,30.103391647338867,0.03321884945034981
dense,checkpoint,314159,adamw,0.00015409498859627469,adamw-scale-matched,1,0.2,79,dense/seed314159/adamw-scale-matched/checkpoint-79,cosine,documents,1792,1792,False,768,0.9999303221702576,0.0016623876290395856,0.06539637595415115,0.9344737529754639,164.1066131591797,0.21368048588434854,27.756181716918945,0.03602800890803337
dense,checkpoint,314159,adamw,0.00015409498859627469,adamw-scale-matched,1,0.2,79,dense/seed314159/adamw-scale-matched/checkpoint-79,cosine,queries,224,224,False,768,0.9999328255653381,0.0016625721473246813,0.0776219367980957,0.9222604632377625,150.66064453125,0.675608271440583,29.421167373657227,0.033989135175943375
dense,checkpoint,314159,adamw,0.00015409498859627469,adamw-scale-matched,2,0.4,157,dense/seed314159/adamw-scale-matched/checkpoint-157,cosine,documents,1792,1792,False,768,1.000052809715271,0.0017311226110905409,0.06436815857887268,0.9357308149337769,162.34095764160156,0.21138145526250204,27.531278610229492,0.036322321742773056
dense,checkpoint,314159,adamw,0.00015409498859627469,adamw-scale-matched,2,0.4,157,dense/seed314159/adamw-scale-matched/checkpoint-157,cosine,queries,224,224,False,768,0.9999104738235474,0.0016897855093702674,0.0673786997795105,0.9324590563774109,151.96774291992188,0.6814696991924748,32.00680160522461,0.031243357807397842
dense,checkpoint,314159,adamw,0.00015409498859627469,adamw-scale-matched,3,0.6,235,dense/seed314159/adamw-scale-matched/checkpoint-235,cosine,documents,1792,1792,False,768,0.9999065399169922,0.0016838177107274532,0.05684223398566246,0.9429838061332703,164.2045440673828,0.21380800008773804,26.95711326599121,0.03709596022963524
dense,checkpoint,314159,adamw,0.00015409498859627469,adamw-scale-matched,3,0.6,235,dense/seed314159/adamw-scale-matched/checkpoint-235,cosine,queries,224,224,False,768,1.0001205205917358,0.0017406990518793464,0.06368797272443771,0.9365385174751282,153.08502197265625,0.6864799191598935,31.557004928588867,0.03168868646025658
dense,checkpoint,314159,adamw,0.00015409498859627469,adamw-scale-matched,4,0.8,313,dense/seed314159/adamw-scale-matched/checkpoint-313,cosine,documents,1792,1792,False,768,1.0001853704452515,0.0016259456751868129,0.052987225353717804,0.9473665952682495,163.2285614013672,0.21253718932469687,26.315237045288086,0.03800079971551895
dense,checkpoint,314159,adamw,0.00015409498859627469,adamw-scale-matched,4,0.8,313,dense/seed314159/adamw-scale-matched/checkpoint-313,cosine,queries,224,224,False,768,0.9998190999031067,0.0017313369316980243,0.06730176508426666,0.9323619604110718,153.0926055908203,0.6865139264162345,31.16041374206543,0.03209200128912926
dense,checkpoint,314159,adamw,0.00015409498859627469,adamw-scale-matched,5,1.0,391,dense/seed314159/adamw-scale-matched/checkpoint-391,cosine,documents,1792,1792,False,768,1.000044584274292,0.0016802391037344933,0.051474668085575104,0.9486117959022522,163.02157592773438,0.21226767698923746,26.274438858032227,0.03805980458855629
dense,checkpoint,314159,adamw,0.00015409498859627469,adamw-scale-matched,5,1.0,391,dense/seed314159/adamw-scale-matched/checkpoint-391,cosine,queries,224,224,False,768,0.9996622800827026,0.0017100427066907287,0.06517031788825989,0.9342029690742493,152.99774169921875,0.6860885277991872,31.136384963989258,0.03211676701903343
dense,checkpoint,314159,muon,0.0018259740111827764,muon-scale-matched,1,0.2,79,dense/seed314159/muon-scale-matched/checkpoint-79,cosine,documents,1792,1792,False,768,1.0001202821731567,0.0018115061102434993,0.06628385186195374,0.9339406490325928,163.32565307617188,0.21266361077626547,26.764434814453125,0.03736301511526108
dense,checkpoint,314159,muon,0.0018259740111827764,muon-scale-matched,1,0.2,79,dense/seed314159/muon-scale-matched/checkpoint-79,cosine,queries,224,224,False,768,1.0001332759857178,0.0017656246200203896,0.07713153213262558,0.9231216907501221,151.05714416503906,0.677386296704211,29.28240966796875,0.03415019437670708
dense,checkpoint,314159,muon,0.0018259740111827764,muon-scale-matched,2,0.4,157,dense/seed314159/muon-scale-matched/checkpoint-157,cosine,documents,1792,1792,False,768,1.0000754594802856,0.001762044383212924,0.07380082458257675,0.9263360500335693,156.64413452148438,0.20396371682484946,24.201974868774414,0.04131894186139107
dense,checkpoint,314159,muon,0.0018259740111827764,muon-scale-matched,2,0.4,157,dense/seed314159/muon-scale-matched/checkpoint-157,cosine,queries,224,224,False,768,0.9997788667678833,0.0017382943769916892,0.07652881741523743,0.9230760335922241,150.1555938720703,0.6733434702783422,30.952116012573242,0.03230796754360199
dense,checkpoint,314159,muon,0.0018259740111827764,muon-scale-matched,3,0.6,235,dense/seed314159/muon-scale-matched/checkpoint-235,cosine,documents,1792,1792,False,768,0.999966561794281,0.0017392508452758193,0.07050216943025589,0.929446816444397,159.49847412109375,0.20768030484517416,24.809814453125,0.04030662775039673
dense,checkpoint,314159,muon,0.0018259740111827764,muon-scale-matched,3,0.6,235,dense/seed314159/muon-scale-matched/checkpoint-235,cosine,queries,224,224,False,768,0.999954879283905,0.0017769437981769443,0.06972870975732803,0.9301885962486267,151.30419921875,0.6784941669002242,30.95264434814453,0.03230741620063782
dense,checkpoint,314159,muon,0.0018259740111827764,muon-scale-matched,4,0.8,313,dense/seed314159/muon-scale-matched/checkpoint-313,cosine,documents,1792,1792,False,768,0.999994158744812,0.0017200277652591467,0.0637771263718605,0.9362183213233948,158.78561401367188,0.2067521015803019,25.261165618896484,0.03958645462989807
dense,checkpoint,314159,muon,0.0018259740111827764,muon-scale-matched,4,0.8,313,dense/seed314159/muon-scale-matched/checkpoint-313,cosine,queries,224,224,False,768,0.999980092048645,0.0017306192312389612,0.07337213307619095,0.9265962839126587,151.67303466796875,0.6801481375245235,30.433048248291016,0.032859016209840775
dense,checkpoint,314159,muon,0.0018259740111827764,muon-scale-matched,5,1.0,391,dense/seed314159/muon-scale-matched/checkpoint-391,cosine,documents,1792,1792,False,768,1.000037670135498,0.001734906225465238,0.05889473855495453,0.9411759376525879,158.7760009765625,0.20673958460489908,25.06270408630371,0.03989992290735245
dense,checkpoint,314159,muon,0.0018259740111827764,muon-scale-matched,5,1.0,391,dense/seed314159/muon-scale-matched/checkpoint-391,cosine,queries,224,224,False,768,0.9998964667320251,0.0017049273010343313,0.07133229821920395,0.9284778833389282,151.7434844970703,0.6804640560406741,30.806934356689453,0.03246022388339043
dense,checkpoint,314159,normuon,0.0018260319582594357,normuon-scale-matched,1,0.2,79,dense/seed314159/normuon-scale-matched/checkpoint-79,cosine,documents,1792,1792,False,768,1.0001909732818604,0.0017860926454886794,0.06113384664058685,0.9392255544662476,165.2930450439453,0.21522531906763712,28.029949188232422,0.035676125437021255
dense,checkpoint,314159,normuon,0.0018260319582594357,normuon-scale-matched,1,0.2,79,dense/seed314159/normuon-scale-matched/checkpoint-79,cosine,queries,224,224,False,768,0.9999464750289917,0.0018553086556494236,0.07637004554271698,0.9235372543334961,150.802734375,0.6762454456278026,29.106050491333008,0.03435711935162544
dense,checkpoint,314159,normuon,0.0018260319582594357,normuon-scale-matched,2,0.4,157,dense/seed314159/normuon-scale-matched/checkpoint-157,cosine,documents,1792,1792,False,768,1.0001832246780396,0.001696419552899897,0.06674094498157501,0.9335916638374329,158.96371459960938,0.20698400338490805,25.773941040039062,0.038798876106739044
dense,checkpoint,314159,normuon,0.0018260319582594357,normuon-scale-matched,2,0.4,157,dense/seed314159/normuon-scale-matched/checkpoint-157,cosine,queries,224,224,False,768,0.9997312426567078,0.0016693300567567348,0.07519238442182541,0.9243137240409851,149.9019775390625,0.672206177305213,30.85968780517578,0.032404735684394836
dense,checkpoint,314159,normuon,0.0018260319582594357,normuon-scale-matched,3,0.6,235,dense/seed314159/normuon-scale-matched/checkpoint-235,cosine,documents,1792,1792,False,768,0.9999528527259827,0.0017433124594390392,0.06433896720409393,0.9355714321136475,160.0835723876953,0.20844215154647827,25.040306091308594,0.03993561491370201
dense,checkpoint,314159,normuon,0.0018260319582594357,normuon-scale-matched,3,0.6,235,dense/seed314159/normuon-scale-matched/checkpoint-235,cosine,queries,224,224,False,768,1.0000206232070923,0.0017234872793778777,0.06826236099004745,0.9317783117294312,150.8802032470703,0.676592839672961,30.43410873413086,0.03285787254571915
dense,checkpoint,314159,normuon,0.0018260319582594357,normuon-scale-matched,4,0.8,313,dense/seed314159/normuon-scale-matched/checkpoint-313,cosine,documents,1792,1792,False,768,1.0000249147415161,0.001720813219435513,0.06021079793572426,0.9398359060287476,159.28482055664062,0.20740211009979248,25.255064010620117,0.03959602117538452
dense,checkpoint,314159,normuon,0.0018260319582594357,normuon-scale-matched,4,0.8,313,dense/seed314159/normuon-scale-matched/checkpoint-313,cosine,queries,224,224,False,768,0.9999157786369324,0.0017906243447214365,0.07136213034391403,0.928475022315979,151.35369873046875,0.6787161378047926,29.87502670288086,0.03347277268767357
dense,checkpoint,314159,normuon,0.0018260319582594357,normuon-scale-matched,5,1.0,391,dense/seed314159/normuon-scale-matched/checkpoint-391,cosine,documents,1792,1792,False,768,0.9998297691345215,0.0017558833351358771,0.055185746401548386,0.9444952011108398,159.09225463867188,0.20715137322743735,25.09012794494629,0.039856310933828354
dense,checkpoint,314159,normuon,0.0018260319582594357,normuon-scale-matched,5,1.0,391,dense/seed314159/normuon-scale-matched/checkpoint-391,cosine,queries,224,224,False,768,0.9999257922172546,0.0017603824380785227,0.06930116564035416,0.9305586218833923,151.47195434570312,0.6792464320435118,30.187149047851562,0.03312667831778526
