seed,family,operator,stage,fraction,validation_contrastive_loss,validation_positive_margin,validation_reciprocal_rank,validation_top1_accuracy,unseen_margin_mean,unseen_top1_accuracy,unseen_mean_reciprocal_rank,pretrained_top_k_overlap,pretrained_top1_agreement,pretrained_score_drift_rms,query_geometry_role,query_entropy_effective_rank,query_normalized_effective_rank,query_mean_pairwise_cosine,late_token_evidence_entropy,late_document_token_coverage,late_repeated_token_dominance
161803,dense,adamw,1,0.2,1.4413241188558459,0.00014662742614746094,0.6894188304613635,0.5302734375,0.24443408846855164,0.8839285969734192,0.9223958253860474,0.8363095238095238,0.90625,0.0689794272184372,queries,150.3038787841797,0.6740084250411645,0.0833260789513588,,,
161803,dense,adamw,2,0.4,1.4668263684693557,-0.0007772445678710938,0.6814348507978139,0.521728515625,0.24645443260669708,0.8883928656578064,0.9257174134254456,0.818452380952381,0.9196428656578064,0.06724101305007935,queries,152.73153686523438,0.684894784149033,0.0775672197341919,,,
161803,dense,adamw,3,0.6,1.389476882098279,0.001965135335922241,0.7029282356597832,0.55078125,0.2532665431499481,0.8839285969734192,0.9211786985397339,0.8229166666666667,0.9285714030265808,0.06819311529397964,queries,152.7389678955078,0.6849281071547435,0.06901174038648605,,,
161803,dense,adamw,4,0.8,1.3607692849084287,0.003118276596069336,0.7148893823177787,0.567138671875,0.2556595504283905,0.8883928656578064,0.9250531196594238,0.8303571428571429,0.9330357313156128,0.06727958470582962,queries,151.56871032714844,0.6796803153683787,0.06718970090150833,,,
161803,dense,adamw,5,1.0,1.29459801235771,0.0053150951862335205,0.7308221738603606,0.591064453125,0.25524935126304626,0.8928571343421936,0.9271364212036133,0.8288690476190476,0.9285714030265808,0.06307633966207504,queries,151.9989013671875,0.6816094231712444,0.06550674140453339,,,
161803,dense,muon,1,0.2,1.4649003898884985,-0.0006579160690307617,0.6852603019142407,0.5263671875,0.24535301327705383,0.8839285969734192,0.9222469925880432,0.8333333333333333,0.9196428656578064,0.06890711933374405,queries,150.24368286132812,0.6737384881673907,0.08292486518621445,,,
161803,dense,muon,2,0.4,1.4951192286430341,-0.0017120838165283203,0.6677408869800274,0.5,0.2426450103521347,0.8839285969734192,0.9224755167961121,0.8169642857142857,0.9107142686843872,0.06741432845592499,queries,151.46055603027344,0.6791953185214056,0.08295384794473648,,,
161803,dense,muon,3,0.6,1.4502112721673939,-4.011392593383789e-05,0.6813008641038323,0.519287109375,0.24792596697807312,0.8839285969734192,0.9233790040016174,0.8080357142857143,0.9241071343421936,0.07599843293428421,queries,151.07818603515625,0.6774806548661715,0.07644321024417877,,,
161803,dense,muon,4,0.8,1.3327086862491342,0.0038715600967407227,0.7157287610316416,0.567626953125,0.2460521012544632,0.8705357313156128,0.9143335223197937,0.8154761904761905,0.90625,0.07592645287513733,queries,149.62091064453125,0.6709457876436379,0.07690563797950745,,,
161803,dense,muon,5,1.0,1.231858015387104,0.007097721099853516,0.738940140196064,0.599365234375,0.24693098664283752,0.875,0.9164859652519226,0.8125,0.9017857313156128,0.07245227694511414,queries,150.5808563232422,0.6752504767858394,0.0738624706864357,,,
161803,dense,normuon,1,0.2,1.4481589214781252,-0.00026237964630126953,0.6891784682302386,0.5302734375,0.24793584644794464,0.8928571343421936,0.9276041388511658,0.8348214285714286,0.9151785969734192,0.06408383697271347,queries,150.78965759277344,0.6761868053487599,0.07929068058729172,,,
161803,dense,normuon,2,0.4,1.4507181354620116,-0.0005500316619873047,0.6813139430414594,0.519287109375,0.246312215924263,0.8839285969734192,0.9235916137695312,0.8125,0.9107142686843872,0.06742490082979202,queries,152.2224578857422,0.6826119187701444,0.0829874724149704,,,
161803,dense,normuon,3,0.6,1.386185287209969,0.0016379356384277344,0.6941359760712658,0.534423828125,0.2519661784172058,0.8794642686843872,0.9218111634254456,0.8125,0.9285714030265808,0.07206442207098007,queries,151.6514129638672,0.6800511792101668,0.07251735031604767,,,
161803,dense,normuon,4,0.8,1.2862852967738263,0.005099296569824219,0.722326952021831,0.5751953125,0.24922522902488708,0.875,0.9181334376335144,0.8154761904761905,0.9196428656578064,0.07275274395942688,queries,150.33526611328125,0.67414917539588,0.07369935512542725,,,
161803,dense,normuon,5,1.0,1.2195256239014611,0.007353305816650391,0.7387308768375078,0.597412109375,0.24966347217559814,0.8839285969734192,0.9212159514427185,0.8095238095238095,0.9107142686843872,0.07034726440906525,queries,150.9968719482422,0.6771160177051219,0.07121957838535309,,,
271828,dense,adamw,1,0.2,1.5470987062162749,-0.0027642250061035156,0.6597897499996179,0.4990234375,0.2434432953596115,0.8883928656578064,0.9244154095649719,0.849702380952381,0.9151785969734192,0.06715850532054901,queries,152.30703735351562,0.682991198894689,0.07529889047145844,,,
271828,dense,adamw,2,0.4,1.2897582482253256,0.004225254058837891,0.7217805421460071,0.57421875,0.2489442527294159,0.8883928656578064,0.926939845085144,0.837797619047619,0.9107142686843872,0.06807208806276321,queries,152.41957092285156,0.6834958337347604,0.07529456913471222,,,
271828,dense,adamw,3,0.6,1.3438683589063203,0.0030930042266845703,0.708401054602291,0.557373046875,0.25068163871765137,0.8839285969734192,0.9226189851760864,0.837797619047619,0.9107142686843872,0.07293938845396042,queries,150.71388244628906,0.6758470064856011,0.07210486382246017,,,
271828,dense,adamw,4,0.8,1.2549886207486907,0.005945444107055664,0.7312985386779474,0.58740234375,0.25306713581085205,0.8839285969734192,0.9211043119430542,0.818452380952381,0.90625,0.06520213931798935,queries,152.81553649902344,0.6852714641211813,0.06613756716251373,,,
271828,dense,adamw,5,1.0,1.2967869912293963,0.004654407501220703,0.7211838507864741,0.5732421875,0.25720420479774475,0.8883928656578064,0.9237084984779358,0.8273809523809524,0.9151785969734192,0.06676330417394638,queries,152.08619689941406,0.6820008829570138,0.06483450531959534,,,
271828,dense,muon,1,0.2,1.4473247495079704,-0.0003561973571777344,0.6782586976332823,0.52001953125,0.24273847043514252,0.8928571343421936,0.9263817667961121,0.8273809523809524,0.9151785969734192,0.06976031512022018,queries,151.20733642578125,0.6780598045999159,0.07748740911483765,,,
271828,dense,muon,2,0.4,1.3244295366773713,0.00325775146484375,0.7111200255203585,0.55908203125,0.24509069323539734,0.8973214030265808,0.9292888641357422,0.8035714285714286,0.9017857313156128,0.07757889479398727,queries,151.25990295410156,0.6782955289421595,0.08532154560089111,,,
271828,dense,muon,3,0.6,1.2880636500569267,0.005006313323974609,0.7223763614965719,0.576171875,0.2483515441417694,0.8839285969734192,0.9240805506706238,0.7976190476190476,0.9107142686843872,0.07743825018405914,queries,148.7959442138672,0.6672463866092699,0.07597509771585464,,,
271828,dense,muon,4,0.8,1.2366216498949143,0.006850004196166992,0.7396623896311212,0.603759765625,0.24808178842067719,0.8883928656578064,0.9230442047119141,0.8005952380952381,0.9196428656578064,0.07183679193258286,queries,150.8898468017578,0.6766360843128153,0.07341163605451584,,,
271828,dense,muon,5,1.0,1.2389026727809096,0.00676727294921875,0.7384509870644251,0.60107421875,0.2542192339897156,0.8839285969734192,0.9196162819862366,0.8035714285714286,0.9196428656578064,0.07411148399114609,queries,150.30746459960938,0.6740245049309838,0.07133720070123672,,,
271828,dense,normuon,1,0.2,1.3959396493805798,0.0013420581817626953,0.6899579743876529,0.535400390625,0.244968444108963,0.8839285969734192,0.9221407175064087,0.8318452380952381,0.9196428656578064,0.06714863330125809,queries,151.41534423828125,0.6789925750595571,0.07468891143798828,,,
271828,dense,normuon,2,0.4,1.309619500007102,0.0037899017333984375,0.7140415749599924,0.56396484375,0.2496999204158783,0.8883928656578064,0.925239086151123,0.8125,0.8928571343421936,0.06823239475488663,queries,151.91290283203125,0.6812237795158352,0.07951553165912628,,,
271828,dense,normuon,3,0.6,1.329091295150647,0.0037779808044433594,0.7125331346578605,0.56298828125,0.25267282128334045,0.8928571343421936,0.9272693991661072,0.8110119047619048,0.9017857313156128,0.07387566566467285,queries,149.143798828125,0.668806272771861,0.07515605539083481,,,
271828,dense,normuon,4,0.8,1.2606737485584745,0.005869388580322266,0.7306233736453578,0.589599609375,0.2519611418247223,0.8883928656578064,0.921290397644043,0.806547619047619,0.9107142686843872,0.06999284774065018,queries,150.96922302246094,0.6769920314908562,0.0707094818353653,,,
271828,dense,normuon,5,1.0,1.2817877593305411,0.0052852630615234375,0.7258922770342906,0.582763671875,0.25642725825309753,0.8883928656578064,0.9219546914100647,0.806547619047619,0.9151785969734192,0.07276315242052078,queries,150.466796875,0.6747389994394619,0.06966883689165115,,,
314159,dense,adamw,1,0.2,1.5502532514565246,-0.003264904022216797,0.6601847346573777,0.494140625,0.24420049786567688,0.8839285969734192,0.9207748770713806,0.8556547619047619,0.9285714030265808,0.06435089558362961,queries,150.66064453125,0.675608271440583,0.0776219367980957,,,
314159,dense,adamw,2,0.4,1.419250337597532,0.000735357403755188,0.6979704371406115,0.544677734375,0.253880113363266,0.875,0.9159225821495056,0.8288690476190476,0.9241071343421936,0.06647863984107971,queries,151.96774291992188,0.6814696991924748,0.0673786997795105,,,
314159,dense,adamw,3,0.6,1.3290702662657168,0.004040718078613281,0.7203209299077571,0.57470703125,0.255021870136261,0.8839285969734192,0.9219971895217896,0.8244047619047619,0.9196428656578064,0.06226704642176628,queries,153.08502197265625,0.6864799191598935,0.06368797272443771,,,
314159,dense,adamw,4,0.8,1.348647837369299,0.003506183624267578,0.7178867898001045,0.573974609375,0.25364527106285095,0.8839285969734192,0.921890914440155,0.8363095238095238,0.9151785969734192,0.06325206905603409,queries,153.0926055908203,0.6865139264162345,0.06730176508426666,,,
314159,dense,adamw,5,1.0,1.2924674637272346,0.005030155181884766,0.7317144496992114,0.591796875,0.2508964240550995,0.8839285969734192,0.921295702457428,0.8333333333333333,0.9107142686843872,0.06362113356590271,queries,152.99774169921875,0.6860885277991872,0.06517031788825989,,,
314159,dense,muon,1,0.2,1.467571204613705,-0.0006060600280761719,0.6779660195206816,0.51904296875,0.24326230585575104,0.8705357313156128,0.9132546782493591,0.8318452380952381,0.9330357313156128,0.0657891258597374,queries,151.05714416503906,0.677386296704211,0.07713153213262558,,,
314159,dense,muon,2,0.4,1.4778112974040596,-0.0008902549743652344,0.6817176470649429,0.525634765625,0.25112950801849365,0.8794642686843872,0.9186756014823914,0.806547619047619,0.9196428656578064,0.07517550885677338,queries,150.1555938720703,0.6733434702783422,0.07652881741523743,,,
314159,dense,muon,3,0.6,1.2436596611512414,0.006937503814697266,0.7387334925915638,0.60205078125,0.2518090307712555,0.8883928656578064,0.9241231083869934,0.806547619047619,0.9151785969734192,0.06798384338617325,queries,151.30419921875,0.6784941669002242,0.06972870975732803,,,
314159,dense,muon,4,0.8,1.3118363335472623,0.005098104476928711,0.7293552955889027,0.59228515625,0.2522951364517212,0.875,0.9168261289596558,0.806547619047619,0.90625,0.06939750909805298,queries,151.67303466796875,0.6801481375245235,0.07337213307619095,,,
314159,dense,muon,5,1.0,1.2089199065673029,0.008290290832519531,0.7546334413746081,0.624267578125,0.24905328452587128,0.8794642686843872,0.9210671782493591,0.8005952380952381,0.8928571343421936,0.06922904402017593,queries,151.7434844970703,0.6804640560406741,0.07133229821920395,,,
314159,dense,normuon,1,0.2,1.454475354783881,-0.0002270340919494629,0.6843223950563697,0.524658203125,0.24589498341083527,0.8705357313156128,0.9141103029251099,0.8422619047619048,0.9419642686843872,0.06360677629709244,queries,150.802734375,0.6762454456278026,0.07637004554271698,,,
314159,dense,normuon,2,0.4,1.4644430264961557,-0.0005612373352050781,0.6874110645258042,0.5302734375,0.2546283006668091,0.875,0.916629433631897,0.8154761904761905,0.9241071343421936,0.07273006439208984,queries,149.9019775390625,0.672206177305213,0.07519238442182541,,,
314159,dense,normuon,3,0.6,1.2327982054621316,0.007357791066169739,0.7493632009754947,0.616943359375,0.2518948018550873,0.8928571343421936,0.9254890084266663,0.8125,0.9151785969734192,0.06608591228723526,queries,150.8802032470703,0.676592839672961,0.06826236099004745,,,
314159,dense,normuon,4,0.8,1.2898802417334991,0.005701541900634766,0.7333513544908783,0.59765625,0.25234875082969666,0.8794642686843872,0.9190582633018494,0.818452380952381,0.9196428656578064,0.068488709628582,queries,151.35369873046875,0.6787161378047926,0.07136213034391403,,,
314159,dense,normuon,5,1.0,1.2372963454240562,0.007333835586905479,0.7483971016772557,0.615966796875,0.24930240213871002,0.8839285969734192,0.921332836151123,0.818452380952381,0.90625,0.06943558156490326,queries,151.47195434570312,0.6792464320435118,0.06930116564035416,,,
