family,seed,operator,stage,update_stable_rank_fraction,update_entropy_rank_fraction,update_head_energy_fraction,update_middle_energy_fraction,update_tail_energy_fraction,update_row_norm_cv,update_frobenius_norm,weight_frobenius_norm
dense,161803,adamw,1,0.03743050467561592,0.7774342174198539,0.7562909304776931,0.22351482195809563,0.02019425765934953,0.06391461994897395,10.554723896271632,1195.9823592808289
dense,161803,adamw,2,0.03558253225208046,0.7734006627358218,0.7595679093809689,0.22084551555587645,0.01958658585927504,0.06944870207219679,10.051473733802666,1195.9128211408402
dense,161803,adamw,3,0.035452701295800707,0.7685030383222243,0.7644919450270301,0.21654960505146395,0.01895845377503989,0.06877949648601486,7.066063914275563,1195.8517462661714
dense,161803,adamw,4,0.03398468073726418,0.765493353101659,0.7682882184013325,0.21326105193020825,0.018450724411715958,0.07046153235005186,4.269551931507386,1195.8108387248037
dense,161803,adamw,5,0.031128047400198998,0.7578728130475723,0.7772269269680594,0.20520229131620835,0.01757078277218569,0.0733354995674628,1.5718543921692472,1195.795218756203
dense,161803,muon,1,0.45584356059683834,0.9473869835629183,0.43382508383396473,0.4790539246670065,0.08712098924791749,0.18182924568882203,19.249544881419524,1194.9387040893612
dense,161803,muon,2,0.44353369308665475,0.9437582712759947,0.44224309809705153,0.4746702640133108,0.0830866304290964,0.18093236036758054,20.19049771907466,1193.7828909899456
dense,161803,muon,3,0.4428386275462288,0.9445670117987669,0.44095847775591884,0.4750973212527719,0.0839442013996967,0.18337627357360034,14.502980310301496,1192.9362321104327
dense,161803,muon,4,0.44547064092388766,0.945587431045777,0.43857913460323517,0.47638090026569874,0.08503995965269798,0.18356721827083014,8.82637815831637,1192.4101362809145
dense,161803,muon,5,0.46996908375923646,0.9538096935353815,0.41925605183297937,0.48576016660361365,0.09498377680220706,0.18337988383809034,3.2116599233218674,1192.2292170473954
dense,161803,normuon,1,0.4153442217066964,0.9488095894535595,0.43458952934027995,0.4743898492605291,0.09102061894388601,0.024985004343431105,19.177921212282055,1194.9409385993613
dense,161803,normuon,2,0.40146124243417525,0.9458018095098077,0.4415847395352501,0.4708962412600849,0.08751902612733012,0.02511701165613803,20.242568259447417,1193.7865891398496
dense,161803,normuon,3,0.4066503114081959,0.9461129180250321,0.4412127501346211,0.47090880461236373,0.08787844746926411,0.025284342420471704,14.409987335166422,1192.9358910012988
dense,161803,normuon,4,0.4082987327626682,0.9471485871363451,0.438790245569326,0.4721315656116302,0.08907819241982572,0.025219092633634966,8.800590094849376,1192.4099280035232
dense,161803,normuon,5,0.4247019675804332,0.9539657617635268,0.4247254064695083,0.47781636936460586,0.09745822231320136,0.024629743846960088,3.1887472735884543,1192.2281942647166
dense,271828,adamw,1,0.036390286337404966,0.7774127179926092,0.7560328417283328,0.22374543830513316,0.020221716848844513,0.06365637152510531,10.76713545602198,1195.9833819405392
dense,271828,adamw,2,0.034775685207709114,0.774376178967124,0.7583124690196094,0.22201204056886428,0.01967549401106323,0.06895802113760442,10.251239448716829,1195.9168344371346
dense,271828,adamw,3,0.035266986485311694,0.7683570751531876,0.7651318928455924,0.21602514362271458,0.018842963963737063,0.07143608166432795,6.988035698804482,1195.855652840944
dense,271828,adamw,4,0.03314044466491211,0.7635974136584582,0.7709505519764946,0.21081408515652234,0.018235366456559238,0.07182446307437942,4.384695983707501,1195.8155680550135
dense,271828,adamw,5,0.031246858855639707,0.7582408315676419,0.7762399279178782,0.20608125981640688,0.017678822560066528,0.07232382149998358,1.5625846652100104,1195.8001369243364
dense,271828,muon,1,0.4584179264020155,0.9480397039874989,0.4326385680366965,0.4794679043445995,0.08789352681188979,0.18145473662484934,19.23772507846326,1194.9369890910355
dense,271828,muon,2,0.43717876379502646,0.9424500817602331,0.44546998646807545,0.4728168417266346,0.08171317447972967,0.1827135825938082,19.957269203856598,1193.7791855684552
dense,271828,muon,3,0.443076237876785,0.9441820416539748,0.44134579654683403,0.47514980895952746,0.08350438676913952,0.18420648602718975,14.52854354019197,1192.9305733290614
dense,271828,muon,4,0.4400528992082983,0.9442397521778861,0.4417008579892908,0.47469557933310136,0.08360356243357142,0.18599086127338563,8.722087472564384,1192.406380065004
dense,271828,muon,5,0.47134604165579547,0.9525923330516102,0.4211427527952959,0.48552120919214853,0.09333604125973376,0.18507821680878334,3.2014925035660067,1192.2253635810296
dense,271828,normuon,1,0.41519745913418854,0.9495228538538683,0.43360060317949817,0.47452964310977547,0.09186975400456611,0.024637561440866262,19.209284931230485,1194.9372259658762
dense,271828,normuon,2,0.4004250528978154,0.9443517378307281,0.44455283410090174,0.46949635549662583,0.08595081270338699,0.02540796335268626,19.860644437254184,1193.7816067682577
dense,271828,normuon,3,0.39977815579921805,0.9461323303334853,0.44098953209458824,0.47104371167759207,0.08796676379792831,0.025126314871411592,14.542092404741664,1192.93096690843
dense,271828,normuon,4,0.4034000423184053,0.9461206849564843,0.44113758549014515,0.4709036290486229,0.08795878098391116,0.025756481917883784,8.682225878526719,1192.4068507251416
dense,271828,normuon,5,0.42121250042940844,0.953290068210765,0.4256980545061795,0.477659446032927,0.09664249833533789,0.024660934656758837,3.1954470002236866,1192.224844137838
dense,314159,adamw,1,0.035806925464321904,0.7764232276595212,0.7576264751786217,0.2222664919607142,0.02010703653428345,0.06438844115099805,10.458860067132834,1195.9836703560381
dense,314159,adamw,2,0.03701989013044273,0.7755238496683499,0.7572882763523469,0.22284028029696826,0.019871438967367823,0.06837081188525268,10.193373084218969,1195.9133406663666
dense,314159,adamw,3,0.03645676377174609,0.7705936368136482,0.7626624837278683,0.21824787003311882,0.019089655821176773,0.07243781140880948,7.0744001617004395,1195.8516904039122
dense,314159,adamw,4,0.03324833849723884,0.763712233878712,0.7701853077041911,0.21157022469980832,0.018244469692098864,0.07208506883505512,4.174775701946446,1195.8105521816508
dense,314159,adamw,5,0.02963385235936565,0.7549440702971291,0.7804794118684881,0.20226223105415303,0.01725836380081062,0.07622554719966045,1.5699486207095676,1195.7953067006677
dense,314159,muon,1,0.4566058648780068,0.9479472189344824,0.4324063104104231,0.4798295645312192,0.08776412808142084,0.18209890099889772,19.322820041822766,1194.9380117770738
dense,314159,muon,2,0.4411632266433481,0.9436983075690142,0.4431043281593425,0.4738285094499588,0.0830671547060424,0.1818078394585792,20.07240548214578,1193.7748998855184
dense,314159,muon,3,0.4382079698663344,0.9432932509776742,0.44368119274868684,0.47372103629902723,0.08259777200313653,0.1844098255894879,14.415054814366451,1192.9272632152665
dense,314159,muon,4,0.4440596379379538,0.9451549478711929,0.4393376745482817,0.47609389441854816,0.08456842819935975,0.1848661696194686,8.809636821015815,1192.40469505412
dense,314159,muon,5,0.4640669673681259,0.9521209777676486,0.422652254448855,0.4845382548111645,0.0928094943806051,0.18452881062702142,3.1853857403106955,1192.2244916647999
dense,314159,normuon,1,0.41428554727431927,0.9491440709580712,0.4339192112021268,0.4746514533292801,0.09142933351630196,0.02476497758478723,19.27348723480525,1194.9423955209227
dense,314159,normuon,2,0.406136925924908,0.9456055883099052,0.442013603719798,0.47066104260676683,0.08732535905219654,0.024975025339081962,20.030172908229954,1193.7845570812121
dense,314159,normuon,3,0.3995381111607832,0.9452838403655883,0.44259971412107907,0.4704452694099855,0.08695500942176199,0.025668753933579844,14.3971721322904,1192.936929293812
dense,314159,normuon,4,0.407019429267409,0.9468123168550073,0.43964072049939057,0.4716645673634534,0.08869471915444747,0.025430583656531443,8.787104750558044,1192.4139332292204
dense,314159,normuon,5,0.41764954282319483,0.9526307213115183,0.4272892466362785,0.47688497483411574,0.09582577400746192,0.024911673283851878,3.165266795029428,1192.2329227042762
